Geographic area,Indicator,YEAR,Female OBS_VALUE %,Male OBS_VALUE %,Total OBS_VALUE %
Afghanistan,Weight-for-height <-2 SD (wasting),2004,,,9.1
Afghanistan,Weight-for-height <-2 SD (wasting),2013,8.7,10.3,9.5
Afghanistan,Weight-for-height <-2 SD (wasting),2018,4.1,6.1,5.1
Afghanistan,Weight-for-height <-3 SD (severe wasting),2004,,,3.8
Afghanistan,Weight-for-height <-3 SD (severe wasting),2013,3.5,4.5,4
Afghanistan,Weight-for-height <-3 SD (severe wasting),2018,1.4,1.7,1.6
Albania,Weight-for-height <-2 SD (wasting),2005,7.4,7.3,7.3
Albania,Weight-for-height <-2 SD (wasting),2009,7.3,11.9,9.6
Albania,Weight-for-height <-2 SD (wasting),2017,2,1.2,1.6
Albania,Weight-for-height <-3 SD (severe wasting),2005,4.2,3.3,3.7
Albania,Weight-for-height <-3 SD (severe wasting),2009,4.3,7.5,5.9
Albania,Weight-for-height <-3 SD (severe wasting),2017,0.7,0.4,0.5
Algeria,Weight-for-height <-2 SD (wasting),2000,2.9,3.3,3.1
Algeria,Weight-for-height <-2 SD (wasting),2002,9.3,10,9.6
Algeria,Weight-for-height <-2 SD (wasting),2006,4.3,4,4.1
Algeria,Weight-for-height <-2 SD (wasting),2012,3.8,4.4,4.1
Algeria,Weight-for-height <-2 SD (wasting),2019,2.4,3,2.7
Algeria,Weight-for-height <-3 SD (severe wasting),2000,0.9,1.3,1.1
Algeria,Weight-for-height <-3 SD (severe wasting),2002,5,5.1,5
Algeria,Weight-for-height <-3 SD (severe wasting),2006,1.8,1.7,1.7
Algeria,Weight-for-height <-3 SD (severe wasting),2012,1,1.7,1.4
Algeria,Weight-for-height <-3 SD (severe wasting),2019,1,1.5,1.3
Angola,Weight-for-height <-2 SD (wasting),2007,,,8.3
Angola,Weight-for-height <-2 SD (wasting),2015,4.3,5.6,4.9
Angola,Weight-for-height <-3 SD (severe wasting),2007,,,4.5
Angola,Weight-for-height <-3 SD (severe wasting),2015,0.9,1.3,1.1
Argentina,Weight-for-height <-2 SD (wasting),2005,,,1.7
Argentina,Weight-for-height <-2 SD (wasting),2018,1.3,2.2,1.7
Argentina,Weight-for-height <-3 SD (severe wasting),2005,,,0.4
Argentina,Weight-for-height <-3 SD (severe wasting),2018,0.4,0.6,0.5
Armenia,Weight-for-height <-2 SD (wasting),2000,2.5,2.6,2.5
Armenia,Weight-for-height <-2 SD (wasting),2005,5.1,5.6,5.4
Armenia,Weight-for-height <-2 SD (wasting),2010,3.2,4.9,4.1
Armenia,Weight-for-height <-2 SD (wasting),2016,5,4,4.4
Armenia,Weight-for-height <-3 SD (severe wasting),2000,0.4,1,0.7
Armenia,Weight-for-height <-3 SD (severe wasting),2005,2.3,2.9,2.6
Armenia,Weight-for-height <-3 SD (severe wasting),2010,1.5,2.4,2
Armenia,Weight-for-height <-3 SD (severe wasting),2016,1.9,1.6,1.7
Australia,Weight-for-height <-2 SD (wasting),2007,,,0.2
Australia,Weight-for-height <-3 SD (severe wasting),2007,,,0
Azerbaijan,Weight-for-height <-2 SD (wasting),2000,8.6,9.3,9
Azerbaijan,Weight-for-height <-2 SD (wasting),2001,,,3.2
Azerbaijan,Weight-for-height <-2 SD (wasting),2006,5.7,7.7,6.8
Azerbaijan,Weight-for-height <-2 SD (wasting),2011,5.5,7.6,6.6
Azerbaijan,Weight-for-height <-2 SD (wasting),2013,2.1,4,3.2
Azerbaijan,Weight-for-height <-3 SD (severe wasting),2000,4.2,4.1,4.1
Azerbaijan,Weight-for-height <-3 SD (severe wasting),2006,1,3.2,2.2
Azerbaijan,Weight-for-height <-3 SD (severe wasting),2011,2.7,3.1,2.9
Azerbaijan,Weight-for-height <-3 SD (severe wasting),2013,0.7,1.4,1.1
Bangladesh,Weight-for-height <-2 SD (wasting),2000,11.6,13.3,12.5
Bangladesh,Weight-for-height <-2 SD (wasting),2001,,,12.7
Bangladesh,Weight-for-height <-2 SD (wasting),2002,,,12.4
Bangladesh,Weight-for-height <-2 SD (wasting),2003,,,12.5
Bangladesh,Weight-for-height <-2 SD (wasting),2004,13.5,15.7,14.6
Bangladesh,Weight-for-height <-2 SD (wasting),2005,14.5,14.5,13.15
Bangladesh,Weight-for-height <-2 SD (wasting),2006,,,11.9
Bangladesh,Weight-for-height <-2 SD (wasting),2007,16.5,18.4,17.5
Bangladesh,Weight-for-height <-2 SD (wasting),2011,15.3,16,13.9
Bangladesh,Weight-for-height <-2 SD (wasting),2012,10.9,15.7,13.4
Bangladesh,Weight-for-height <-2 SD (wasting),2013,13.4,14.3,13.85
Bangladesh,Weight-for-height <-2 SD (wasting),2014,13.6,15.1,14.4
Bangladesh,Weight-for-height <-2 SD (wasting),2015,,,15.6
Bangladesh,Weight-for-height <-2 SD (wasting),2018,7.6,9.2,8.4
Bangladesh,Weight-for-height <-2 SD (wasting),2019,9.2,10.4,9.65
Bangladesh,Weight-for-height <-3 SD (severe wasting),2000,2.6,2.4,2.5
Bangladesh,Weight-for-height <-3 SD (severe wasting),2001,,,2.3
Bangladesh,Weight-for-height <-3 SD (severe wasting),2002,,,2.1
Bangladesh,Weight-for-height <-3 SD (severe wasting),2003,,,2.1
Bangladesh,Weight-for-height <-3 SD (severe wasting),2004,3.3,3.7,3.5
Bangladesh,Weight-for-height <-3 SD (severe wasting),2005,2.5,3.3,2.4
Bangladesh,Weight-for-height <-3 SD (severe wasting),2006,,,1.6
Bangladesh,Weight-for-height <-3 SD (severe wasting),2007,2.5,3.3,2.9
Bangladesh,Weight-for-height <-3 SD (severe wasting),2011,4,4.3,3.95
Bangladesh,Weight-for-height <-3 SD (severe wasting),2012,3.6,6.1,4.9
Bangladesh,Weight-for-height <-3 SD (severe wasting),2013,2.75,3.7,3.25
Bangladesh,Weight-for-height <-3 SD (severe wasting),2014,2.5,3.9,3.2
Bangladesh,Weight-for-height <-3 SD (severe wasting),2015,,,4.3
Bangladesh,Weight-for-height <-3 SD (severe wasting),2018,1.3,1.6,1.5
Bangladesh,Weight-for-height <-3 SD (severe wasting),2019,2,2.5,2.05
Barbados,Weight-for-height <-2 SD (wasting),2012,5,8.3,6.8
Barbados,Weight-for-height <-3 SD (severe wasting),2012,1.7,2.2,2
Belarus,Weight-for-height <-2 SD (wasting),2005,1.6,2.8,2.2
Belarus,Weight-for-height <-3 SD (severe wasting),2005,0.6,0.6,0.6
Belgium,Weight-for-height <-2 SD (wasting),2014,,,0.4
Belgium,Weight-for-height <-3 SD (severe wasting),2014,,,0
Belize,Weight-for-height <-2 SD (wasting),2006,1.4,2.4,1.9
Belize,Weight-for-height <-2 SD (wasting),2011,3.4,3.2,3.3
Belize,Weight-for-height <-2 SD (wasting),2015,1.4,2.1,1.8
Belize,Weight-for-height <-3 SD (severe wasting),2006,0.3,1.5,0.8
Belize,Weight-for-height <-3 SD (severe wasting),2011,1.5,0.9,1.2
Belize,Weight-for-height <-3 SD (severe wasting),2015,0.4,0.6,0.5
Benin,Weight-for-height <-2 SD (wasting),2001,7.8,10.2,9
Benin,Weight-for-height <-2 SD (wasting),2008,,,5.2
Benin,Weight-for-height <-2 SD (wasting),2014,3.7,5.3,4.5
Benin,Weight-for-height <-2 SD (wasting),2018,4.3,5.6,5
Benin,Weight-for-height <-3 SD (severe wasting),2001,2.5,3.8,3.1
Benin,Weight-for-height <-3 SD (severe wasting),2008,,,1.1
Benin,Weight-for-height <-3 SD (severe wasting),2014,0.7,1,0.9
Benin,Weight-for-height <-3 SD (severe wasting),2018,0.8,1.3,1.1
Bhutan,Weight-for-height <-2 SD (wasting),2008,4,4.9,4.5
Bhutan,Weight-for-height <-2 SD (wasting),2010,5.5,6.2,5.9
Bhutan,Weight-for-height <-3 SD (severe wasting),2008,1,1.7,1.4
Bhutan,Weight-for-height <-3 SD (severe wasting),2010,1.9,2.2,2
Bolivia (Plurinational State of),Weight-for-height <-2 SD (wasting),2003,1.5,1.9,1.7
Bolivia (Plurinational State of),Weight-for-height <-2 SD (wasting),2008,0.8,2,1.4
Bolivia (Plurinational State of),Weight-for-height <-2 SD (wasting),2012,1,2.1,1.5
Bolivia (Plurinational State of),Weight-for-height <-2 SD (wasting),2016,1.4,2.5,2
Bolivia (Plurinational State of),Weight-for-height <-3 SD (severe wasting),2003,0.6,0.7,0.6
Bolivia (Plurinational State of),Weight-for-height <-3 SD (severe wasting),2008,0.4,0.6,0.5
Bolivia (Plurinational State of),Weight-for-height <-3 SD (severe wasting),2012,0.4,0.6,0.5
Bolivia (Plurinational State of),Weight-for-height <-3 SD (severe wasting),2016,0.7,1.1,0.9
Bosnia and Herzegovina,Weight-for-height <-2 SD (wasting),2000,6.3,8.3,7.4
Bosnia and Herzegovina,Weight-for-height <-2 SD (wasting),2006,4.3,3.8,4
Bosnia and Herzegovina,Weight-for-height <-2 SD (wasting),2012,2.4,2.3,2.3
Bosnia and Herzegovina,Weight-for-height <-3 SD (severe wasting),2000,3.2,3.7,3.5
Bosnia and Herzegovina,Weight-for-height <-3 SD (severe wasting),2006,1.1,1.9,1.5
Bosnia and Herzegovina,Weight-for-height <-3 SD (severe wasting),2012,1.4,1.8,1.6
Botswana,Weight-for-height <-2 SD (wasting),2000,5.5,6.4,5.9
Botswana,Weight-for-height <-2 SD (wasting),2007,7.1,7.5,7.3
Botswana,Weight-for-height <-3 SD (severe wasting),2000,2.5,2.9,2.7
Botswana,Weight-for-height <-3 SD (severe wasting),2007,3.5,2.5,3
Brazil,Weight-for-height <-2 SD (wasting),2007,1.6,2,1.8
Brazil,Weight-for-height <-2 SD (wasting),2019,,,3.1
Brazil,Weight-for-height <-3 SD (severe wasting),2007,0.5,0.3,0.4
Brazil,Weight-for-height <-3 SD (severe wasting),2019,,,0.7
Brunei Darussalam,Weight-for-height <-2 SD (wasting),2009,3,2.7,2.9
Brunei Darussalam,Weight-for-height <-3 SD (severe wasting),2009,0.5,0.4,0.4
Bulgaria,Weight-for-height <-2 SD (wasting),2004,,,3.6
Bulgaria,Weight-for-height <-2 SD (wasting),2007,4.6,4.8,4.7
Bulgaria,Weight-for-height <-2 SD (wasting),2014,,,5.9
Bulgaria,Weight-for-height <-3 SD (severe wasting),2004,,,1.5
Bulgaria,Weight-for-height <-3 SD (severe wasting),2007,1.1,1.1,1.1
Bulgaria,Weight-for-height <-3 SD (severe wasting),2014,,,2.2
Burkina Faso,Weight-for-height <-2 SD (wasting),2009,10.7,11.9,11.3
Burkina Faso,Weight-for-height <-2 SD (wasting),2010,11.9,14.5,13.2
Burkina Faso,Weight-for-height <-2 SD (wasting),2011,8.9,11.8,10.4
Burkina Faso,Weight-for-height <-2 SD (wasting),2012,8.7,12.6,10.7
Burkina Faso,Weight-for-height <-2 SD (wasting),2013,7.5,8.6,8.1
Burkina Faso,Weight-for-height <-2 SD (wasting),2014,7.6,9.4,8.5
Burkina Faso,Weight-for-height <-2 SD (wasting),2015,9.1,11.3,10.2
Burkina Faso,Weight-for-height <-2 SD (wasting),2016,6.3,8.6,7.5
Burkina Faso,Weight-for-height <-2 SD (wasting),2017,7.5,9.7,8.6
Burkina Faso,Weight-for-height <-2 SD (wasting),2018,7.3,9.4,8.4
Burkina Faso,Weight-for-height <-2 SD (wasting),2019,7.1,9,8.1
Burkina Faso,Weight-for-height <-2 SD (wasting),2020,,,8
Burkina Faso,Weight-for-height <-2 SD (wasting),2021,9.2,12,10.15
Burkina Faso,Weight-for-height <-3 SD (severe wasting),2009,2.5,3,2.7
Burkina Faso,Weight-for-height <-3 SD (severe wasting),2010,3.85,4.75,4.3
Burkina Faso,Weight-for-height <-3 SD (severe wasting),2011,1.9,2.5,2.2
Burkina Faso,Weight-for-height <-3 SD (severe wasting),2012,1.4,2.3,1.8
Burkina Faso,Weight-for-height <-3 SD (severe wasting),2013,1.2,1.9,1.6
Burkina Faso,Weight-for-height <-3 SD (severe wasting),2014,1.5,1.9,1.7
Burkina Faso,Weight-for-height <-3 SD (severe wasting),2015,1.7,2.4,2.1
Burkina Faso,Weight-for-height <-3 SD (severe wasting),2016,1,1.7,1.4
Burkina Faso,Weight-for-height <-3 SD (severe wasting),2017,1.7,2.1,1.9
Burkina Faso,Weight-for-height <-3 SD (severe wasting),2018,1.2,2.1,1.7
Burkina Faso,Weight-for-height <-3 SD (severe wasting),2019,0.8,1.3,1
Burkina Faso,Weight-for-height <-3 SD (severe wasting),2020,,,0.7
Burkina Faso,Weight-for-height <-3 SD (severe wasting),2021,1.8,2.8,1.55
Burundi,Weight-for-height <-2 SD (wasting),2000,7.1,9.2,8.1
Burundi,Weight-for-height <-2 SD (wasting),2005,,,9
Burundi,Weight-for-height <-2 SD (wasting),2010,5.6,6.3,6
Burundi,Weight-for-height <-2 SD (wasting),2016,4.6,5.6,5.1
Burundi,Weight-for-height <-2 SD (wasting),2018,4.3,5.3,4.8
Burundi,Weight-for-height <-2 SD (wasting),2019,4,5.6,4.8
Burundi,Weight-for-height <-2 SD (wasting),2020,4.6,6.8,5.7
Burundi,Weight-for-height <-2 SD (wasting),2022,,,4.9
Burundi,Weight-for-height <-3 SD (severe wasting),2000,1,2.2,1.6
Burundi,Weight-for-height <-3 SD (severe wasting),2010,1.5,1.3,1.4
Burundi,Weight-for-height <-3 SD (severe wasting),2016,0.6,1.2,0.9
Burundi,Weight-for-height <-3 SD (severe wasting),2018,0.7,1,0.8
Burundi,Weight-for-height <-3 SD (severe wasting),2019,0.8,1.2,1
Burundi,Weight-for-height <-3 SD (severe wasting),2020,0.7,1.2,0.9
Burundi,Weight-for-height <-3 SD (severe wasting),2022,,,1.4
Cambodia,Weight-for-height <-2 SD (wasting),2000,15.9,18.2,17.1
Cambodia,Weight-for-height <-2 SD (wasting),2005,8.4,8.6,8.5
Cambodia,Weight-for-height <-2 SD (wasting),2008,8.3,9.8,9.1
Cambodia,Weight-for-height <-2 SD (wasting),2010,10.6,11.4,11
Cambodia,Weight-for-height <-2 SD (wasting),2014,9.5,10,9.7
Cambodia,Weight-for-height <-2 SD (wasting),2021,8.2,10.9,9.6
Cambodia,Weight-for-height <-3 SD (severe wasting),2000,7.3,7.8,7.5
Cambodia,Weight-for-height <-3 SD (severe wasting),2005,1.5,2,1.8
Cambodia,Weight-for-height <-3 SD (severe wasting),2008,1.6,2.2,1.9
Cambodia,Weight-for-height <-3 SD (severe wasting),2010,3.1,2.4,2.7
Cambodia,Weight-for-height <-3 SD (severe wasting),2014,2.2,2.7,2.5
Cambodia,Weight-for-height <-3 SD (severe wasting),2021,2,2.7,2.4
Cameroon,Weight-for-height <-2 SD (wasting),2004,6.6,5.8,6.2
Cameroon,Weight-for-height <-2 SD (wasting),2006,6.9,8.2,7.6
Cameroon,Weight-for-height <-2 SD (wasting),2011,4.9,6.5,5.7
Cameroon,Weight-for-height <-2 SD (wasting),2014,4.8,5.6,5.2
Cameroon,Weight-for-height <-2 SD (wasting),2018,3.6,5,4.3
Cameroon,Weight-for-height <-3 SD (severe wasting),2004,2.1,2.5,2.3
Cameroon,Weight-for-height <-3 SD (severe wasting),2006,2,3.2,2.6
Cameroon,Weight-for-height <-3 SD (severe wasting),2011,1.4,2.6,2
Cameroon,Weight-for-height <-3 SD (severe wasting),2014,1.1,1.5,1.3
Cameroon,Weight-for-height <-3 SD (severe wasting),2018,1.6,1.6,1.6
Central African Republic,Weight-for-height <-2 SD (wasting),2000,9.3,11.5,10.4
Central African Republic,Weight-for-height <-2 SD (wasting),2006,11.2,13,12.1
Central African Republic,Weight-for-height <-2 SD (wasting),2010,5.9,8.9,7.4
Central African Republic,Weight-for-height <-2 SD (wasting),2012,6.1,8.7,7.4
Central African Republic,Weight-for-height <-2 SD (wasting),2014,5.1,7.2,6.2
Central African Republic,Weight-for-height <-2 SD (wasting),2018,5.8,7.2,6.5
Central African Republic,Weight-for-height <-2 SD (wasting),2019,4.75,5.85,5.3
Central African Republic,Weight-for-height <-3 SD (severe wasting),2000,3.8,5.5,4.7
Central African Republic,Weight-for-height <-3 SD (severe wasting),2006,4.8,5.2,5
Central African Republic,Weight-for-height <-3 SD (severe wasting),2010,1.6,2.2,1.9
Central African Republic,Weight-for-height <-3 SD (severe wasting),2012,1.1,2,1.6
Central African Republic,Weight-for-height <-3 SD (severe wasting),2014,1,1.6,1.3
Central African Republic,Weight-for-height <-3 SD (severe wasting),2018,1.2,1.9,1.6
Central African Republic,Weight-for-height <-3 SD (severe wasting),2019,0.95,1.5,1.2
Chad,Weight-for-height <-2 SD (wasting),2000,14.1,13.7,13.9
Chad,Weight-for-height <-2 SD (wasting),2004,15.1,17.2,16.2
Chad,Weight-for-height <-2 SD (wasting),2010,15.2,17.4,16.3
Chad,Weight-for-height <-2 SD (wasting),2015,11.8,14.7,13.3
Chad,Weight-for-height <-2 SD (wasting),2017,12,14.9,13.5
Chad,Weight-for-height <-2 SD (wasting),2018,,,13.6
Chad,Weight-for-height <-2 SD (wasting),2019,11.35,14.45,12.95
Chad,Weight-for-height <-2 SD (wasting),2020,8.1,10.7,9.5
Chad,Weight-for-height <-2 SD (wasting),2021,8.8,11.4,10.2
Chad,Weight-for-height <-2 SD (wasting),2022,,,8.3
Chad,Weight-for-height <-3 SD (severe wasting),2000,4,4.3,4.2
Chad,Weight-for-height <-3 SD (severe wasting),2004,6.3,6.8,6.5
Chad,Weight-for-height <-3 SD (severe wasting),2010,5.4,7.3,6.3
Chad,Weight-for-height <-3 SD (severe wasting),2015,3.5,5.3,4.4
Chad,Weight-for-height <-3 SD (severe wasting),2017,2.9,4.3,3.6
Chad,Weight-for-height <-3 SD (severe wasting),2018,,,4.1
Chad,Weight-for-height <-3 SD (severe wasting),2019,3,4.15,3.55
Chad,Weight-for-height <-3 SD (severe wasting),2020,1.7,2.4,2.1
Chad,Weight-for-height <-3 SD (severe wasting),2021,1.4,2.2,1.8
Chad,Weight-for-height <-3 SD (severe wasting),2022,,,1.3
Chile,Weight-for-height <-2 SD (wasting),2001,,,0.5
Chile,Weight-for-height <-2 SD (wasting),2002,,,0.5
Chile,Weight-for-height <-2 SD (wasting),2003,,,0.5
Chile,Weight-for-height <-2 SD (wasting),2004,,,0.5
Chile,Weight-for-height <-2 SD (wasting),2006,,,0.5
Chile,Weight-for-height <-2 SD (wasting),2007,,,0.3
Chile,Weight-for-height <-2 SD (wasting),2008,0.2,0.3,0.3
Chile,Weight-for-height <-2 SD (wasting),2013,0.3,0.3,0.3
Chile,Weight-for-height <-2 SD (wasting),2014,0.2,0.3,0.3
China,Weight-for-height <-2 SD (wasting),2000,2.1,2.8,2.5
China,Weight-for-height <-2 SD (wasting),2002,2.7,3.3,3
China,Weight-for-height <-2 SD (wasting),2005,2.4,3.2,2.9
China,Weight-for-height <-2 SD (wasting),2008,,,2.6
China,Weight-for-height <-2 SD (wasting),2009,,,2.6
China,Weight-for-height <-2 SD (wasting),2010,2.1,2.4,2.3
China,Weight-for-height <-2 SD (wasting),2013,1.9,1.9,1.9
China,Weight-for-height <-2 SD (wasting),2017,,,1.9
China,Weight-for-height <-3 SD (severe wasting),2000,0.4,0.5,0.5
China,Weight-for-height <-3 SD (severe wasting),2002,0.7,1,0.8
China,Weight-for-height <-3 SD (severe wasting),2005,0.5,1,0.8
China,Weight-for-height <-3 SD (severe wasting),2008,,,0.6
China,Weight-for-height <-3 SD (severe wasting),2009,,,0.7
China,Weight-for-height <-3 SD (severe wasting),2010,0.6,0.8,0.7
Colombia,Weight-for-height <-2 SD (wasting),2000,1,1.1,1
Colombia,Weight-for-height <-2 SD (wasting),2005,1.5,1.7,1.6
Colombia,Weight-for-height <-2 SD (wasting),2010,0.9,0.9,0.9
Colombia,Weight-for-height <-2 SD (wasting),2016,1.6,1.7,1.6
Colombia,Weight-for-height <-3 SD (severe wasting),2000,0.3,0.4,0.4
Colombia,Weight-for-height <-3 SD (severe wasting),2005,0.4,0.4,0.4
Colombia,Weight-for-height <-3 SD (severe wasting),2010,0.2,0.2,0.2
Colombia,Weight-for-height <-3 SD (severe wasting),2016,0.5,0.3,0.4
Comoros,Weight-for-height <-2 SD (wasting),2000,12.1,14.4,13.3
Comoros,Weight-for-height <-2 SD (wasting),2012,10.9,11.5,11.2
Comoros,Weight-for-height <-3 SD (severe wasting),2000,5.9,8.4,7.2
Comoros,Weight-for-height <-3 SD (severe wasting),2012,4.7,4.2,4.5
Congo,Weight-for-height <-2 SD (wasting),2005,7.7,8.4,8
Congo,Weight-for-height <-2 SD (wasting),2011,5.8,6.3,6
Congo,Weight-for-height <-2 SD (wasting),2014,7.6,8.7,8.2
Congo,Weight-for-height <-3 SD (severe wasting),2005,2.9,3.2,3
Congo,Weight-for-height <-3 SD (severe wasting),2011,1.8,1.6,1.7
Congo,Weight-for-height <-3 SD (severe wasting),2014,2.2,3.1,2.6
Costa Rica,Weight-for-height <-2 SD (wasting),2008,,,0.7
Costa Rica,Weight-for-height <-2 SD (wasting),2018,1.8,1.8,1.8
Costa Rica,Weight-for-height <-3 SD (severe wasting),2018,0.2,0.1,0.1
C“te d'Ivoire,Weight-for-height <-2 SD (wasting),2007,,,14.3
C“te d'Ivoire,Weight-for-height <-2 SD (wasting),2012,6,9.3,7.6
C“te d'Ivoire,Weight-for-height <-2 SD (wasting),2016,5.5,6.6,6.1
C“te d'Ivoire,Weight-for-height <-2 SD (wasting),2021,7.4,9.4,8.4
C“te d'Ivoire,Weight-for-height <-3 SD (severe wasting),2007,,,5.7
C“te d'Ivoire,Weight-for-height <-3 SD (severe wasting),2012,1.3,2.3,1.8
C“te d'Ivoire,Weight-for-height <-3 SD (severe wasting),2016,1,1.5,1.2
C“te d'Ivoire,Weight-for-height <-3 SD (severe wasting),2021,1.9,3,2.4
Cuba,Weight-for-height <-2 SD (wasting),2000,,,2.4
Cuba,Weight-for-height <-2 SD (wasting),2019,2.1,2,2
Cuba,Weight-for-height <-3 SD (severe wasting),2019,0.6,0.6,0.6
Czechia,Weight-for-height <-2 SD (wasting),2001,4,5.2,4.6
Czechia,Weight-for-height <-3 SD (severe wasting),2001,0.9,1.2,1
Democratic People's Republic of Korea,Weight-for-height <-2 SD (wasting),2000,,,12.2
Democratic People's Republic of Korea,Weight-for-height <-2 SD (wasting),2002,8,9.4,8.7
Democratic People's Republic of Korea,Weight-for-height <-2 SD (wasting),2004,,,8.5
Democratic People's Republic of Korea,Weight-for-height <-2 SD (wasting),2009,5.3,5,5.2
Democratic People's Republic of Korea,Weight-for-height <-2 SD (wasting),2012,3.8,4.1,4
Democratic People's Republic of Korea,Weight-for-height <-2 SD (wasting),2017,2,3,2.5
Democratic People's Republic of Korea,Weight-for-height <-3 SD (severe wasting),2002,3.4,3.6,3.5
Democratic People's Republic of Korea,Weight-for-height <-3 SD (severe wasting),2009,0.6,0.4,0.5
Democratic People's Republic of Korea,Weight-for-height <-3 SD (severe wasting),2012,0.6,0.6,0.6
Democratic People's Republic of Korea,Weight-for-height <-3 SD (severe wasting),2017,0.5,0.5,0.5
Democratic Republic of the Congo,Weight-for-height <-2 SD (wasting),2001,14.5,17.2,15.9
Democratic Republic of the Congo,Weight-for-height <-2 SD (wasting),2007,8.9,11.9,10.4
Democratic Republic of the Congo,Weight-for-height <-2 SD (wasting),2010,7.5,9.5,8.5
Democratic Republic of the Congo,Weight-for-height <-2 SD (wasting),2013,6.9,9.3,8.1
Democratic Republic of the Congo,Weight-for-height <-2 SD (wasting),2017,5.8,7.1,6.4
Democratic Republic of the Congo,Weight-for-height <-3 SD (severe wasting),2001,5.5,6.6,6.1
Democratic Republic of the Congo,Weight-for-height <-3 SD (severe wasting),2007,3.9,5.7,4.8
Democratic Republic of the Congo,Weight-for-height <-3 SD (severe wasting),2010,2.6,3,2.8
Democratic Republic of the Congo,Weight-for-height <-3 SD (severe wasting),2013,2.4,3.3,2.9
Democratic Republic of the Congo,Weight-for-height <-3 SD (severe wasting),2017,2,2.1,2
Djibouti,Weight-for-height <-2 SD (wasting),2011,,,10.2
Djibouti,Weight-for-height <-2 SD (wasting),2013,12.4,15.1,13.9
Djibouti,Weight-for-height <-2 SD (wasting),2019,,,10.6
Djibouti,Weight-for-height <-3 SD (severe wasting),2011,,,1.3
Djibouti,Weight-for-height <-3 SD (severe wasting),2013,3.5,3.3,3.4
Djibouti,Weight-for-height <-3 SD (severe wasting),2019,,,2.7
Dominican Republic,Weight-for-height <-2 SD (wasting),2000,1.3,1.6,1.5
Dominican Republic,Weight-for-height <-2 SD (wasting),2002,2,2.5,2.2
Dominican Republic,Weight-for-height <-2 SD (wasting),2006,1.7,1.8,1.7
Dominican Republic,Weight-for-height <-2 SD (wasting),2007,2.1,2.5,2.3
Dominican Republic,Weight-for-height <-2 SD (wasting),2013,2,2.8,2.4
Dominican Republic,Weight-for-height <-2 SD (wasting),2019,1.7,2.6,2.2
Dominican Republic,Weight-for-height <-3 SD (severe wasting),2000,0.5,0.5,0.5
Dominican Republic,Weight-for-height <-3 SD (severe wasting),2002,0.6,1,0.8
Dominican Republic,Weight-for-height <-3 SD (severe wasting),2006,0.4,0.4,0.4
Dominican Republic,Weight-for-height <-3 SD (severe wasting),2007,0.6,1.1,0.9
Dominican Republic,Weight-for-height <-3 SD (severe wasting),2013,0.4,1.3,0.8
Dominican Republic,Weight-for-height <-3 SD (severe wasting),2019,0.4,0.6,0.5
Ecuador,Weight-for-height <-2 SD (wasting),2004,2.2,1.9,2
Ecuador,Weight-for-height <-2 SD (wasting),2006,1.9,2.3,2.1
Ecuador,Weight-for-height <-2 SD (wasting),2012,1.8,2.9,2.4
Ecuador,Weight-for-height <-2 SD (wasting),2014,1.4,1.8,1.6
Ecuador,Weight-for-height <-2 SD (wasting),2019,3.1,4.4,3.7
Ecuador,Weight-for-height <-3 SD (severe wasting),2004,0.5,0.8,0.7
Ecuador,Weight-for-height <-3 SD (severe wasting),2006,0.4,0.6,0.5
Ecuador,Weight-for-height <-3 SD (severe wasting),2012,0.6,0.9,0.7
Ecuador,Weight-for-height <-3 SD (severe wasting),2014,0.5,0.6,0.6
Ecuador,Weight-for-height <-3 SD (severe wasting),2019,0.9,1.8,1.4
Egypt,Weight-for-height <-2 SD (wasting),2003,5.2,5.3,5.2
Egypt,Weight-for-height <-2 SD (wasting),2005,5,5.7,5.3
Egypt,Weight-for-height <-2 SD (wasting),2008,7.1,8.8,7.9
Egypt,Weight-for-height <-2 SD (wasting),2014,9.5,9.4,9.5
Egypt,Weight-for-height <-3 SD (severe wasting),2003,1.9,1.8,1.8
Egypt,Weight-for-height <-3 SD (severe wasting),2005,2.4,2.5,2.5
Egypt,Weight-for-height <-3 SD (severe wasting),2008,3.6,3.9,3.8
Egypt,Weight-for-height <-3 SD (severe wasting),2014,4.7,4.8,4.8
El Salvador,Weight-for-height <-2 SD (wasting),2003,1.2,1.4,1.3
El Salvador,Weight-for-height <-2 SD (wasting),2008,0.7,2.4,1.6
El Salvador,Weight-for-height <-2 SD (wasting),2014,1.7,2.6,2.1
El Salvador,Weight-for-height <-3 SD (severe wasting),2003,0.3,0.3,0.3
El Salvador,Weight-for-height <-3 SD (severe wasting),2008,0.2,0.7,0.5
El Salvador,Weight-for-height <-3 SD (severe wasting),2014,0.2,0.5,0.4
Equatorial Guinea,Weight-for-height <-2 SD (wasting),2000,10.1,8.4,9.2
Equatorial Guinea,Weight-for-height <-2 SD (wasting),2004,3.5,2.3,2.8
Equatorial Guinea,Weight-for-height <-2 SD (wasting),2011,3.6,2.7,3.1
Equatorial Guinea,Weight-for-height <-3 SD (severe wasting),2000,4.7,3.8,4.2
Equatorial Guinea,Weight-for-height <-3 SD (severe wasting),2004,0.9,1.6,1.3
Equatorial Guinea,Weight-for-height <-3 SD (severe wasting),2011,2.3,1.1,1.7
Eritrea,Weight-for-height <-2 SD (wasting),2002,13.1,16.8,15
Eritrea,Weight-for-height <-2 SD (wasting),2010,13.4,15.7,14.6
Eritrea,Weight-for-height <-3 SD (severe wasting),2002,3.2,6.3,4.8
Eritrea,Weight-for-height <-3 SD (severe wasting),2010,3.4,4.7,4
Estonia,Weight-for-height <-2 SD (wasting),2014,1.4,1.7,1.5
Estonia,Weight-for-height <-3 SD (severe wasting),2014,0,0,0
Eswatini,Weight-for-height <-2 SD (wasting),2000,1.9,1.5,1.7
Eswatini,Weight-for-height <-2 SD (wasting),2006,2.4,3.4,2.9
Eswatini,Weight-for-height <-2 SD (wasting),2008,,,1.1
Eswatini,Weight-for-height <-2 SD (wasting),2010,1,0.5,0.8
Eswatini,Weight-for-height <-2 SD (wasting),2014,1.7,2.3,2
Eswatini,Weight-for-height <-3 SD (severe wasting),2000,0.8,0.7,0.7
Eswatini,Weight-for-height <-3 SD (severe wasting),2006,1.2,1.2,1.2
Eswatini,Weight-for-height <-3 SD (severe wasting),2008,,,0.3
Eswatini,Weight-for-height <-3 SD (severe wasting),2010,0.6,0.1,0.4
Eswatini,Weight-for-height <-3 SD (severe wasting),2014,0.2,0.5,0.4
Ethiopia,Weight-for-height <-2 SD (wasting),2000,10.8,13.9,12.4
Ethiopia,Weight-for-height <-2 SD (wasting),2005,10.9,13.9,12.4
Ethiopia,Weight-for-height <-2 SD (wasting),2011,8.3,11.2,9.8
Ethiopia,Weight-for-height <-2 SD (wasting),2014,7.4,10.3,8.8
Ethiopia,Weight-for-height <-2 SD (wasting),2016,9.8,10.2,10
Ethiopia,Weight-for-height <-2 SD (wasting),2019,5.1,8.5,6.8
Ethiopia,Weight-for-height <-3 SD (severe wasting),2000,3.3,4.3,3.8
Ethiopia,Weight-for-height <-3 SD (severe wasting),2005,4.1,5.2,4.7
Ethiopia,Weight-for-height <-3 SD (severe wasting),2011,2,3.7,2.9
Ethiopia,Weight-for-height <-3 SD (severe wasting),2014,2.4,3,2.7
Ethiopia,Weight-for-height <-3 SD (severe wasting),2016,3,3,3
Ethiopia,Weight-for-height <-3 SD (severe wasting),2019,0.6,1.6,1.1
Fiji,Weight-for-height <-2 SD (wasting),2004,7.6,5.4,6.4
Fiji,Weight-for-height <-2 SD (wasting),2021,5,4.2,4.6
Fiji,Weight-for-height <-3 SD (severe wasting),2004,2.7,1,1.8
Fiji,Weight-for-height <-3 SD (severe wasting),2021,1.1,1.2,1.1
Gabon,Weight-for-height <-2 SD (wasting),2000,4.1,4.3,4.2
Gabon,Weight-for-height <-2 SD (wasting),2012,3.2,3.7,3.4
Gabon,Weight-for-height <-2 SD (wasting),2020,3.5,3.4,3.4
Gabon,Weight-for-height <-3 SD (severe wasting),2000,1.2,1.8,1.5
Gabon,Weight-for-height <-3 SD (severe wasting),2012,1.1,1.5,1.3
Gabon,Weight-for-height <-3 SD (severe wasting),2020,1,0.9,0.9
Gambia,Weight-for-height <-2 SD (wasting),2000,8.6,9.6,9.1
Gambia,Weight-for-height <-2 SD (wasting),2006,6.6,8.1,7.4
Gambia,Weight-for-height <-2 SD (wasting),2010,9.45,11,10.2
Gambia,Weight-for-height <-2 SD (wasting),2012,8.2,10.8,9.5
Gambia,Weight-for-height <-2 SD (wasting),2013,9.9,12.1,11
Gambia,Weight-for-height <-2 SD (wasting),2018,5.6,6.6,6.1
Gambia,Weight-for-height <-2 SD (wasting),2020,4.1,5.9,5.1
Gambia,Weight-for-height <-3 SD (severe wasting),2000,2.2,2.9,2.5
Gambia,Weight-for-height <-3 SD (severe wasting),2006,1.4,2.2,1.8
Gambia,Weight-for-height <-3 SD (severe wasting),2010,2.45,2.9,2.65
Gambia,Weight-for-height <-3 SD (severe wasting),2012,1.1,2,1.6
Gambia,Weight-for-height <-3 SD (severe wasting),2013,4,4.7,4.3
Gambia,Weight-for-height <-3 SD (severe wasting),2018,0.95,1.4,1.15
Gambia,Weight-for-height <-3 SD (severe wasting),2020,0.8,0.4,0.6
Georgia,Weight-for-height <-2 SD (wasting),2005,3,3,3
Georgia,Weight-for-height <-2 SD (wasting),2009,1,1.5,1.3
Georgia,Weight-for-height <-2 SD (wasting),2018,0.6,0.7,0.6
Georgia,Weight-for-height <-3 SD (severe wasting),2005,1.1,1.1,1.1
Georgia,Weight-for-height <-3 SD (severe wasting),2009,0.2,0.5,0.3
Georgia,Weight-for-height <-3 SD (severe wasting),2018,0.1,0,0.1
Germany,Weight-for-height <-2 SD (wasting),2004,0.8,1.2,1
Germany,Weight-for-height <-2 SD (wasting),2016,,,0.4
Germany,Weight-for-height <-3 SD (severe wasting),2004,0,0.3,0.1
Germany,Weight-for-height <-3 SD (severe wasting),2016,,,0
Ghana,Weight-for-height <-2 SD (wasting),2003,8.3,8.4,8.4
Ghana,Weight-for-height <-2 SD (wasting),2006,5.2,6.6,6
Ghana,Weight-for-height <-2 SD (wasting),2008,7.9,9.4,8.7
Ghana,Weight-for-height <-2 SD (wasting),2011,5.2,7.2,6.2
Ghana,Weight-for-height <-2 SD (wasting),2014,5.1,4.3,4.7
Ghana,Weight-for-height <-2 SD (wasting),2017,5.9,7.8,6.8
Ghana,Weight-for-height <-3 SD (severe wasting),2003,2.6,3,2.8
Ghana,Weight-for-height <-3 SD (severe wasting),2006,1.5,2,1.8
Ghana,Weight-for-height <-3 SD (severe wasting),2008,2.4,2.5,2.4
Ghana,Weight-for-height <-3 SD (severe wasting),2011,0.9,1.9,1.4
Ghana,Weight-for-height <-3 SD (severe wasting),2014,0.6,0.8,0.7
Ghana,Weight-for-height <-3 SD (severe wasting),2017,1,1.3,1.1
Greece,Weight-for-height <-2 SD (wasting),2003,,,0.7
Greece,Weight-for-height <-3 SD (severe wasting),2003,,,0.1
Guatemala,Weight-for-height <-2 SD (wasting),2000,2.9,4.5,3.7
Guatemala,Weight-for-height <-2 SD (wasting),2002,1.6,2.2,1.9
Guatemala,Weight-for-height <-2 SD (wasting),2009,1,1,1
Guatemala,Weight-for-height <-2 SD (wasting),2015,0.9,1.6,1.3
Guatemala,Weight-for-height <-2 SD (wasting),2021,0.6,1,0.8
Guatemala,Weight-for-height <-3 SD (severe wasting),2000,1.3,1.9,1.6
Guatemala,Weight-for-height <-3 SD (severe wasting),2002,0.7,1,0.8
Guatemala,Weight-for-height <-3 SD (severe wasting),2009,0.2,0.2,0.2
Guatemala,Weight-for-height <-3 SD (severe wasting),2015,0.05,0.55,0.25
Guatemala,Weight-for-height <-3 SD (severe wasting),2021,0,0.3,0.2
Guinea,Weight-for-height <-2 SD (wasting),2005,10.1,11.8,11
Guinea,Weight-for-height <-2 SD (wasting),2007,7,7.4,7.2
Guinea,Weight-for-height <-2 SD (wasting),2012,6.9,8.2,7.55
Guinea,Weight-for-height <-2 SD (wasting),2016,7.5,8.6,8.1
Guinea,Weight-for-height <-2 SD (wasting),2018,9.1,9.3,9.2
Guinea,Weight-for-height <-3 SD (severe wasting),2005,3.6,4.7,4.2
Guinea,Weight-for-height <-3 SD (severe wasting),2007,2.5,2.4,2.4
Guinea,Weight-for-height <-3 SD (severe wasting),2012,2.35,2.75,2.6
Guinea,Weight-for-height <-3 SD (severe wasting),2016,2.6,3.3,2.9
Guinea,Weight-for-height <-3 SD (severe wasting),2018,3.5,3.7,3.6
Guinea-Bissau,Weight-for-height <-2 SD (wasting),2000,11.1,12.5,11.8
Guinea-Bissau,Weight-for-height <-2 SD (wasting),2010,6.2,5.7,5.9
Guinea-Bissau,Weight-for-height <-2 SD (wasting),2012,5.3,7.1,6.2
Guinea-Bissau,Weight-for-height <-2 SD (wasting),2014,5.6,6.3,6
Guinea-Bissau,Weight-for-height <-2 SD (wasting),2019,5.8,7.05,6.45
Guinea-Bissau,Weight-for-height <-3 SD (severe wasting),2000,4.7,4.9,4.8
Guinea-Bissau,Weight-for-height <-3 SD (severe wasting),2010,1.1,1,1
Guinea-Bissau,Weight-for-height <-3 SD (severe wasting),2012,0.6,1.2,0.9
Guinea-Bissau,Weight-for-height <-3 SD (severe wasting),2014,1.2,1.6,1.4
Guinea-Bissau,Weight-for-height <-3 SD (severe wasting),2019,1.1,1.45,1.25
Guyana,Weight-for-height <-2 SD (wasting),2000,10.6,13.5,12.1
Guyana,Weight-for-height <-2 SD (wasting),2006,9.1,7.7,8.3
Guyana,Weight-for-height <-2 SD (wasting),2009,3.8,7.3,5.5
Guyana,Weight-for-height <-2 SD (wasting),2014,6.2,6.7,6.4
Guyana,Weight-for-height <-2 SD (wasting),2019,5.6,7.3,6.5
Guyana,Weight-for-height <-3 SD (severe wasting),2000,3.2,5.3,4.3
Guyana,Weight-for-height <-3 SD (severe wasting),2006,2.7,2.5,2.6
Guyana,Weight-for-height <-3 SD (severe wasting),2009,0.9,1.6,1.2
Guyana,Weight-for-height <-3 SD (severe wasting),2014,1.7,1.7,1.7
Guyana,Weight-for-height <-3 SD (severe wasting),2019,1.9,1.8,1.9
Haiti,Weight-for-height <-2 SD (wasting),2000,5,6.1,5.5
Haiti,Weight-for-height <-2 SD (wasting),2006,10.3,10.2,10.2
Haiti,Weight-for-height <-2 SD (wasting),2012,4.05,5.15,4.6
Haiti,Weight-for-height <-2 SD (wasting),2017,3.3,4.2,3.7
Haiti,Weight-for-height <-3 SD (severe wasting),2000,1.4,1.7,1.5
Haiti,Weight-for-height <-3 SD (severe wasting),2006,3.5,3,3.3
Haiti,Weight-for-height <-3 SD (severe wasting),2012,1.3,0.95,1.15
Haiti,Weight-for-height <-3 SD (severe wasting),2017,0.5,1.1,0.8
Honduras,Weight-for-height <-2 SD (wasting),2001,1.3,1.2,1.3
Honduras,Weight-for-height <-2 SD (wasting),2006,1.1,1.6,1.4
Honduras,Weight-for-height <-2 SD (wasting),2012,0.9,1.8,1.4
Honduras,Weight-for-height <-2 SD (wasting),2019,1.8,2,1.9
Honduras,Weight-for-height <-3 SD (severe wasting),2001,0.2,0.2,0.2
Honduras,Weight-for-height <-3 SD (severe wasting),2006,0.3,0.4,0.3
Honduras,Weight-for-height <-3 SD (severe wasting),2012,0.2,0.4,0.3
Honduras,Weight-for-height <-3 SD (severe wasting),2019,0.5,0.5,0.5
India,Weight-for-height <-2 SD (wasting),2006,19.2,20.8,20
India,Weight-for-height <-2 SD (wasting),2014,14.5,15.6,15.1
India,Weight-for-height <-2 SD (wasting),2015,19.8,21.7,20.8
India,Weight-for-height <-2 SD (wasting),2017,16.3,18.3,17.3
India,Weight-for-height <-2 SD (wasting),2020,17.9,19.5,18.7
India,Weight-for-height <-3 SD (severe wasting),2006,6.3,7.2,6.8
India,Weight-for-height <-3 SD (severe wasting),2014,4.4,4.8,4.6
India,Weight-for-height <-3 SD (severe wasting),2015,7.1,8.2,7.7
India,Weight-for-height <-3 SD (severe wasting),2017,4.8,5.1,4.9
India,Weight-for-height <-3 SD (severe wasting),2020,7.1,8,7.5
Indonesia,Weight-for-height <-2 SD (wasting),2000,4.6,6.4,5.5
Indonesia,Weight-for-height <-2 SD (wasting),2001,4.6,6.2,5.4
Indonesia,Weight-for-height <-2 SD (wasting),2004,13.5,15.3,14.4
Indonesia,Weight-for-height <-2 SD (wasting),2007,13.8,15.7,14.8
Indonesia,Weight-for-height <-2 SD (wasting),2010,12.1,12.5,12.3
Indonesia,Weight-for-height <-2 SD (wasting),2013,12.7,14.2,13.5
Indonesia,Weight-for-height <-2 SD (wasting),2018,9.2,11.1,10.2
Indonesia,Weight-for-height <-3 SD (severe wasting),2000,0.7,1.1,0.9
Indonesia,Weight-for-height <-3 SD (severe wasting),2001,0.6,1,0.8
Indonesia,Weight-for-height <-3 SD (severe wasting),2004,4.9,5.2,5.1
Indonesia,Weight-for-height <-3 SD (severe wasting),2007,6.1,7.4,6.8
Indonesia,Weight-for-height <-3 SD (severe wasting),2010,5.1,5.7,5.4
Indonesia,Weight-for-height <-3 SD (severe wasting),2013,6.2,7.2,6.7
Indonesia,Weight-for-height <-3 SD (severe wasting),2018,3.1,3.9,3.5
Iran (Islamic Republic of),Weight-for-height <-2 SD (wasting),2004,,,4.8
Iran (Islamic Republic of),Weight-for-height <-2 SD (wasting),2010,3.9,4.1,4
Iran (Islamic Republic of),Weight-for-height <-2 SD (wasting),2017,4.1,4.4,4.3
Iran (Islamic Republic of),Weight-for-height <-3 SD (severe wasting),2010,1.4,1.4,1.4
Iran (Islamic Republic of),Weight-for-height <-3 SD (severe wasting),2017,0.6,1.1,0.9
Iraq,Weight-for-height <-2 SD (wasting),2000,6.2,7,6.6
Iraq,Weight-for-height <-2 SD (wasting),2003,,,5.6
Iraq,Weight-for-height <-2 SD (wasting),2004,,,6.9
Iraq,Weight-for-height <-2 SD (wasting),2006,5.4,6.2,5.8
Iraq,Weight-for-height <-2 SD (wasting),2011,6.4,6.6,6.5
Iraq,Weight-for-height <-2 SD (wasting),2018,2.8,3.3,3
Iraq,Weight-for-height <-3 SD (severe wasting),2000,2.3,2.6,2.4
Iraq,Weight-for-height <-3 SD (severe wasting),2006,2.5,3,2.7
Iraq,Weight-for-height <-3 SD (severe wasting),2011,2.6,2.8,2.7
Iraq,Weight-for-height <-3 SD (severe wasting),2018,0.7,1.1,0.9
Jamaica,Weight-for-height <-2 SD (wasting),2000,3.3,2.8,3
Jamaica,Weight-for-height <-2 SD (wasting),2001,3.4,3,3.2
Jamaica,Weight-for-height <-2 SD (wasting),2002,1.9,2.8,2.4
Jamaica,Weight-for-height <-2 SD (wasting),2004,4.7,4.3,4.5
Jamaica,Weight-for-height <-2 SD (wasting),2006,3.4,4,3.7
Jamaica,Weight-for-height <-2 SD (wasting),2007,2,3.3,2.7
Jamaica,Weight-for-height <-2 SD (wasting),2008,2.7,2.3,2.5
Jamaica,Weight-for-height <-2 SD (wasting),2010,4,5.7,4.8
Jamaica,Weight-for-height <-2 SD (wasting),2012,2.9,3,3
Jamaica,Weight-for-height <-2 SD (wasting),2014,3.7,3.5,3.6
Jamaica,Weight-for-height <-2 SD (wasting),2016,2.7,3.9,3.3
Jamaica,Weight-for-height <-2 SD (wasting),2018,3.1,3.3,3.2
Jamaica,Weight-for-height <-3 SD (severe wasting),2000,1.5,1.5,1.5
Jamaica,Weight-for-height <-3 SD (severe wasting),2001,1.1,0.9,1
Jamaica,Weight-for-height <-3 SD (severe wasting),2002,0.9,0.4,0.7
Jamaica,Weight-for-height <-3 SD (severe wasting),2004,0.9,1.3,1.1
Jamaica,Weight-for-height <-3 SD (severe wasting),2006,0.7,1,0.9
Jamaica,Weight-for-height <-3 SD (severe wasting),2007,0.6,1.7,1.2
Jamaica,Weight-for-height <-3 SD (severe wasting),2008,0.2,0.3,0.3
Jamaica,Weight-for-height <-3 SD (severe wasting),2010,1.3,1.7,1.5
Jamaica,Weight-for-height <-3 SD (severe wasting),2012,0.9,0.6,0.8
Jamaica,Weight-for-height <-3 SD (severe wasting),2014,0.5,0.6,0.5
Jamaica,Weight-for-height <-3 SD (severe wasting),2016,0,0.9,0.5
Jamaica,Weight-for-height <-3 SD (severe wasting),2018,0.8,1.1,1
Japan,Weight-for-height <-2 SD (wasting),2010,1.7,2.9,2.3
Japan,Weight-for-height <-3 SD (severe wasting),2010,0.2,0.3,0.2
Jordan,Weight-for-height <-2 SD (wasting),2002,2,2.9,2.5
Jordan,Weight-for-height <-2 SD (wasting),2009,1.6,1.6,1.6
Jordan,Weight-for-height <-2 SD (wasting),2012,2.4,2.4,2.4
Jordan,Weight-for-height <-2 SD (wasting),2019,1,0.2,0.6
Jordan,Weight-for-height <-3 SD (severe wasting),2002,0.7,1,0.8
Jordan,Weight-for-height <-3 SD (severe wasting),2009,0.1,0.3,0.2
Jordan,Weight-for-height <-3 SD (severe wasting),2012,0.8,0.5,0.7
Jordan,Weight-for-height <-3 SD (severe wasting),2019,0.7,0,0.3
Kazakhstan,Weight-for-height <-2 SD (wasting),2006,4.5,5.3,4.9
Kazakhstan,Weight-for-height <-2 SD (wasting),2010,3.7,4.4,4.1
Kazakhstan,Weight-for-height <-2 SD (wasting),2015,3.3,2.9,3.1
Kazakhstan,Weight-for-height <-3 SD (severe wasting),2006,2.5,2.1,2.3
Kazakhstan,Weight-for-height <-3 SD (severe wasting),2010,1.4,1.9,1.7
Kazakhstan,Weight-for-height <-3 SD (severe wasting),2015,1,1.1,1.1
Kenya,Weight-for-height <-2 SD (wasting),2000,6.6,8.2,7.4
Kenya,Weight-for-height <-2 SD (wasting),2003,5,7.5,6.2
Kenya,Weight-for-height <-2 SD (wasting),2005,6.2,7.7,6.9
Kenya,Weight-for-height <-2 SD (wasting),2008,5.8,8.1,6.9
Kenya,Weight-for-height <-2 SD (wasting),2011,,,6
Kenya,Weight-for-height <-2 SD (wasting),2014,3.9,4.5,4.2
Kenya,Weight-for-height <-2 SD (wasting),2016,,,7
Kenya,Weight-for-height <-2 SD (wasting),2022,4.3,5.4,4.9
Kenya,Weight-for-height <-3 SD (severe wasting),2000,2.1,3.7,2.9
Kenya,Weight-for-height <-3 SD (severe wasting),2003,2,2.7,2.4
Kenya,Weight-for-height <-3 SD (severe wasting),2005,2,2.8,2.4
Kenya,Weight-for-height <-3 SD (severe wasting),2008,1.9,2.4,2.1
Kenya,Weight-for-height <-3 SD (severe wasting),2011,,,1.9
Kenya,Weight-for-height <-3 SD (severe wasting),2014,0.9,1.1,1
Kenya,Weight-for-height <-3 SD (severe wasting),2016,,,2.3
Kenya,Weight-for-height <-3 SD (severe wasting),2022,0.6,0.6,0.6
Kiribati,Weight-for-height <-2 SD (wasting),2018,3.4,3.7,3.5
Kiribati,Weight-for-height <-3 SD (severe wasting),2018,1.2,1.4,1.3
Kuwait,Weight-for-height <-2 SD (wasting),2001,1.8,2.5,2.2
Kuwait,Weight-for-height <-2 SD (wasting),2002,2.2,2.1,2.2
Kuwait,Weight-for-height <-2 SD (wasting),2003,2.5,2.6,2.6
Kuwait,Weight-for-height <-2 SD (wasting),2004,3.1,3.7,3.4
Kuwait,Weight-for-height <-2 SD (wasting),2005,3.1,3.5,3.3
Kuwait,Weight-for-height <-2 SD (wasting),2006,3.4,2.4,2.8
Kuwait,Weight-for-height <-2 SD (wasting),2007,3.6,3.5,3.6
Kuwait,Weight-for-height <-2 SD (wasting),2008,1.9,2.6,2.2
Kuwait,Weight-for-height <-2 SD (wasting),2009,2.1,1.5,1.8
Kuwait,Weight-for-height <-2 SD (wasting),2010,2.1,2.6,2.4
Kuwait,Weight-for-height <-2 SD (wasting),2011,1.4,2,1.7
Kuwait,Weight-for-height <-2 SD (wasting),2012,2.4,2.4,2.4
Kuwait,Weight-for-height <-2 SD (wasting),2013,2.4,3,2.7
Kuwait,Weight-for-height <-2 SD (wasting),2014,2,2.8,2.4
Kuwait,Weight-for-height <-2 SD (wasting),2015,3.2,2.8,3
Kuwait,Weight-for-height <-2 SD (wasting),2016,1.9,2.8,2.3
Kuwait,Weight-for-height <-2 SD (wasting),2017,1.9,2.8,2.4
Kuwait,Weight-for-height <-2 SD (wasting),2018,2.7,2.6,2.7
Kuwait,Weight-for-height <-2 SD (wasting),2019,1.4,2.5,2
Kuwait,Weight-for-height <-2 SD (wasting),2020,2.7,1.8,2.3
Kuwait,Weight-for-height <-3 SD (severe wasting),2001,0.2,0.5,0.4
Kuwait,Weight-for-height <-3 SD (severe wasting),2002,0.5,0.5,0.5
Kuwait,Weight-for-height <-3 SD (severe wasting),2003,0.7,0.6,0.7
Kuwait,Weight-for-height <-3 SD (severe wasting),2004,0.9,1.2,1.1
Kuwait,Weight-for-height <-3 SD (severe wasting),2005,1.3,0.7,1
Kuwait,Weight-for-height <-3 SD (severe wasting),2006,0.5,0.7,0.6
Kuwait,Weight-for-height <-3 SD (severe wasting),2007,0.7,0.8,0.8
Kuwait,Weight-for-height <-3 SD (severe wasting),2008,0.5,0.6,0.5
Kuwait,Weight-for-height <-3 SD (severe wasting),2009,0.4,0.3,0.3
Kuwait,Weight-for-height <-3 SD (severe wasting),2010,0.4,0.8,0.6
Kuwait,Weight-for-height <-3 SD (severe wasting),2011,0.4,0.5,0.4
Kuwait,Weight-for-height <-3 SD (severe wasting),2012,0.6,0.6,0.6
Kuwait,Weight-for-height <-3 SD (severe wasting),2013,0.7,0.7,0.7
Kuwait,Weight-for-height <-3 SD (severe wasting),2014,0.5,0.7,0.6
Kuwait,Weight-for-height <-3 SD (severe wasting),2015,0.7,0.7,0.7
Kuwait,Weight-for-height <-3 SD (severe wasting),2016,0.4,0.7,0.5
Kuwait,Weight-for-height <-3 SD (severe wasting),2017,0.7,0.7,0.7
Kuwait,Weight-for-height <-3 SD (severe wasting),2018,0.9,0.9,0.9
Kuwait,Weight-for-height <-3 SD (severe wasting),2019,0.4,1.2,0.8
Kuwait,Weight-for-height <-3 SD (severe wasting),2020,0.7,0.8,0.8
Kyrgyzstan,Weight-for-height <-2 SD (wasting),2006,3.2,3.5,3.4
Kyrgyzstan,Weight-for-height <-2 SD (wasting),2009,,,1.4
Kyrgyzstan,Weight-for-height <-2 SD (wasting),2012,2.7,3,2.8
Kyrgyzstan,Weight-for-height <-2 SD (wasting),2014,2.9,2.8,2.8
Kyrgyzstan,Weight-for-height <-2 SD (wasting),2018,2.1,2,2
Kyrgyzstan,Weight-for-height <-3 SD (severe wasting),2006,0.5,1.6,1
Kyrgyzstan,Weight-for-height <-3 SD (severe wasting),2009,,,0.1
Kyrgyzstan,Weight-for-height <-3 SD (severe wasting),2012,1,1.5,1.3
Kyrgyzstan,Weight-for-height <-3 SD (severe wasting),2014,0.9,0.8,0.8
Kyrgyzstan,Weight-for-height <-3 SD (severe wasting),2018,0.7,0.7,0.7
Lao People's Democratic Republic,Weight-for-height <-2 SD (wasting),2000,16,19,17.5
Lao People's Democratic Republic,Weight-for-height <-2 SD (wasting),2006,6.9,7.9,7.4
Lao People's Democratic Republic,Weight-for-height <-2 SD (wasting),2011,5.4,6.4,5.9
Lao People's Democratic Republic,Weight-for-height <-2 SD (wasting),2015,8.6,10.7,9.7
Lao People's Democratic Republic,Weight-for-height <-2 SD (wasting),2017,8.6,9.4,9
Lao People's Democratic Republic,Weight-for-height <-3 SD (severe wasting),2000,7.1,7.9,7.5
Lao People's Democratic Republic,Weight-for-height <-3 SD (severe wasting),2006,1.3,2,1.7
Lao People's Democratic Republic,Weight-for-height <-3 SD (severe wasting),2011,1.5,1.3,1.4
Lao People's Democratic Republic,Weight-for-height <-3 SD (severe wasting),2015,1.9,2.8,2.4
Lao People's Democratic Republic,Weight-for-height <-3 SD (severe wasting),2017,2.8,3.2,3
Latvia,Weight-for-height <-2 SD (wasting),2021,,,1.6
Latvia,Weight-for-height <-3 SD (severe wasting),2021,,,0
Lebanon,Weight-for-height <-2 SD (wasting),2004,5.4,7.8,6.6
Lebanon,Weight-for-height <-2 SD (wasting),2021,1.4,1.4,1.4
Lebanon,Weight-for-height <-3 SD (severe wasting),2004,2.6,3.3,2.9
Lebanon,Weight-for-height <-3 SD (severe wasting),2021,0.4,0.1,0.3
Lesotho,Weight-for-height <-2 SD (wasting),2004,5.4,5.7,5.6
Lesotho,Weight-for-height <-2 SD (wasting),2009,3.5,4.1,3.8
Lesotho,Weight-for-height <-2 SD (wasting),2014,3.1,2.6,2.8
Lesotho,Weight-for-height <-2 SD (wasting),2018,1.7,2.4,2.1
Lesotho,Weight-for-height <-3 SD (severe wasting),2004,2.1,2.4,2.2
Lesotho,Weight-for-height <-3 SD (severe wasting),2009,1.2,1.9,1.5
Lesotho,Weight-for-height <-3 SD (severe wasting),2014,0.7,0.6,0.6
Lesotho,Weight-for-height <-3 SD (severe wasting),2018,0.8,0.8,0.8
Liberia,Weight-for-height <-2 SD (wasting),2000,5.9,8.9,7.4
Liberia,Weight-for-height <-2 SD (wasting),2007,7.8,8,7.9
Liberia,Weight-for-height <-2 SD (wasting),2010,4.5,3.6,4
Liberia,Weight-for-height <-2 SD (wasting),2013,5.3,5.9,5.6
Liberia,Weight-for-height <-2 SD (wasting),2016,3.2,5.5,4.3
Liberia,Weight-for-height <-2 SD (wasting),2019,3.2,3.6,3.4
Liberia,Weight-for-height <-3 SD (severe wasting),2000,1.3,2.9,2.2
Liberia,Weight-for-height <-3 SD (severe wasting),2007,3.1,2.9,3
Liberia,Weight-for-height <-3 SD (severe wasting),2010,1,0.9,1
Liberia,Weight-for-height <-3 SD (severe wasting),2013,1.6,2.3,2
Liberia,Weight-for-height <-3 SD (severe wasting),2016,0.7,0.6,0.7
Liberia,Weight-for-height <-3 SD (severe wasting),2019,0.4,0.6,0.5
Libya,Weight-for-height <-2 SD (wasting),2007,6.1,6.8,6.5
Libya,Weight-for-height <-2 SD (wasting),2014,10.1,10.2,10.2
Libya,Weight-for-height <-3 SD (severe wasting),2007,2.5,3.3,2.9
Libya,Weight-for-height <-3 SD (severe wasting),2014,5.1,5.6,5.3
Madagascar,Weight-for-height <-2 SD (wasting),2004,12.4,18,15.1
Madagascar,Weight-for-height <-2 SD (wasting),2012,5.6,9.4,7.5
Madagascar,Weight-for-height <-2 SD (wasting),2018,5.3,7.5,6.4
Madagascar,Weight-for-height <-2 SD (wasting),2021,6.4,8.1,7.2
Madagascar,Weight-for-height <-3 SD (severe wasting),2004,3.7,7.6,5.6
Madagascar,Weight-for-height <-3 SD (severe wasting),2012,0.7,1.1,0.9
Madagascar,Weight-for-height <-3 SD (severe wasting),2018,0.8,1.1,1
Madagascar,Weight-for-height <-3 SD (severe wasting),2021,0.9,2,1.5
Malawi,Weight-for-height <-2 SD (wasting),2000,6.9,6.7,6.8
Malawi,Weight-for-height <-2 SD (wasting),2002,5.7,7,6.3
Malawi,Weight-for-height <-2 SD (wasting),2004,5.6,7,6.3
Malawi,Weight-for-height <-2 SD (wasting),2006,3.6,4.8,4.2
Malawi,Weight-for-height <-2 SD (wasting),2009,,,1.9
Malawi,Weight-for-height <-2 SD (wasting),2010,3.8,4.3,4
Malawi,Weight-for-height <-2 SD (wasting),2014,3.3,4.3,3.8
Malawi,Weight-for-height <-2 SD (wasting),2015,2.2,3.4,2.8
Malawi,Weight-for-height <-2 SD (wasting),2016,,,3.833333333
Malawi,Weight-for-height <-2 SD (wasting),2017,,,2.6
Malawi,Weight-for-height <-2 SD (wasting),2018,,,1.5
Malawi,Weight-for-height <-2 SD (wasting),2019,,,0.8
Malawi,Weight-for-height <-2 SD (wasting),2020,2.4,2.7,2.35
Malawi,Weight-for-height <-3 SD (severe wasting),2000,2.9,2.9,2.9
Malawi,Weight-for-height <-3 SD (severe wasting),2002,2.2,2.8,2.5
Malawi,Weight-for-height <-3 SD (severe wasting),2004,2.9,3.5,3.2
Malawi,Weight-for-height <-3 SD (severe wasting),2006,1.3,1.8,1.5
Malawi,Weight-for-height <-3 SD (severe wasting),2009,,,0.3
Malawi,Weight-for-height <-3 SD (severe wasting),2010,1.3,1.8,1.5
Malawi,Weight-for-height <-3 SD (severe wasting),2014,0.9,1.2,1.1
Malawi,Weight-for-height <-3 SD (severe wasting),2015,0.3,1,0.6
Malawi,Weight-for-height <-3 SD (severe wasting),2016,,,0.8
Malawi,Weight-for-height <-3 SD (severe wasting),2017,,,0.2
Malawi,Weight-for-height <-3 SD (severe wasting),2018,,,0.1
Malawi,Weight-for-height <-3 SD (severe wasting),2019,,,0.2
Malawi,Weight-for-height <-3 SD (severe wasting),2020,0.7,0.8,0.45
Malaysia,Weight-for-height <-2 SD (wasting),2006,11.7,14.6,13.2
Malaysia,Weight-for-height <-2 SD (wasting),2015,6.7,9.3,8
Malaysia,Weight-for-height <-2 SD (wasting),2016,9.7,13.3,11.5
Malaysia,Weight-for-height <-2 SD (wasting),2019,7.9,11.3,9.7
Malaysia,Weight-for-height <-3 SD (severe wasting),2006,3.6,5.8,4.7
Malaysia,Weight-for-height <-3 SD (severe wasting),2015,2.5,3.2,2.8
Malaysia,Weight-for-height <-3 SD (severe wasting),2019,1.6,5.6,3.6
Maldives,Weight-for-height <-2 SD (wasting),2001,12.2,14.3,13.4
Maldives,Weight-for-height <-2 SD (wasting),2009,10.6,10.7,10.6
Maldives,Weight-for-height <-2 SD (wasting),2017,8.1,10.1,9.1
Maldives,Weight-for-height <-3 SD (severe wasting),2001,3,3.9,3.5
Maldives,Weight-for-height <-3 SD (severe wasting),2009,2.6,2.8,2.7
Maldives,Weight-for-height <-3 SD (severe wasting),2017,1.8,2.2,2
Mali,Weight-for-height <-2 SD (wasting),2001,11.6,13.5,12.6
Mali,Weight-for-height <-2 SD (wasting),2006,14.5,16.4,15.4
Mali,Weight-for-height <-2 SD (wasting),2010,7.6,10,8.9
Mali,Weight-for-height <-2 SD (wasting),2011,8.6,12.1,10.4
Mali,Weight-for-height <-2 SD (wasting),2014,12.6,13.6,13.1
Mali,Weight-for-height <-2 SD (wasting),2015,11.85,14.1,13
Mali,Weight-for-height <-2 SD (wasting),2016,10,11.3,10.6
Mali,Weight-for-height <-2 SD (wasting),2017,9.1,11.8,10.5
Mali,Weight-for-height <-2 SD (wasting),2018,7.75,11,9.4
Mali,Weight-for-height <-2 SD (wasting),2019,,,9.1
Mali,Weight-for-height <-2 SD (wasting),2020,5.3,9.1,7.2
Mali,Weight-for-height <-2 SD (wasting),2021,7.6,11,9.3
Mali,Weight-for-height <-2 SD (wasting),2022,9.1,12.2,10.6
Mali,Weight-for-height <-3 SD (severe wasting),2001,3.5,5,4.2
Mali,Weight-for-height <-3 SD (severe wasting),2006,5.8,6.4,6.1
Mali,Weight-for-height <-3 SD (severe wasting),2010,1.8,2,1.9
Mali,Weight-for-height <-3 SD (severe wasting),2011,1.1,3.1,2.1
Mali,Weight-for-height <-3 SD (severe wasting),2014,2.4,3.6,3
Mali,Weight-for-height <-3 SD (severe wasting),2015,2.85,3.4,3.15
Mali,Weight-for-height <-3 SD (severe wasting),2016,2,2.4,2.2
Mali,Weight-for-height <-3 SD (severe wasting),2017,1.9,3.1,2.5
Mali,Weight-for-height <-3 SD (severe wasting),2018,1.8,2.85,2.35
Mali,Weight-for-height <-3 SD (severe wasting),2019,,,2
Mali,Weight-for-height <-3 SD (severe wasting),2020,0.8,2,1.4
Mali,Weight-for-height <-3 SD (severe wasting),2021,1,2.5,1.8
Mali,Weight-for-height <-3 SD (severe wasting),2022,1.7,2.7,2.2
Marshall Islands,Weight-for-height <-2 SD (wasting),2017,2.4,4.6,3.5
Marshall Islands,Weight-for-height <-3 SD (severe wasting),2017,1.4,0.9,1.1
Mauritania,Weight-for-height <-2 SD (wasting),2000,13.3,17.2,15.3
Mauritania,Weight-for-height <-2 SD (wasting),2007,12.8,14.4,13.6
Mauritania,Weight-for-height <-2 SD (wasting),2008,6.8,9.3,8.1
Mauritania,Weight-for-height <-2 SD (wasting),2011,12.9,14.9,13.9
Mauritania,Weight-for-height <-2 SD (wasting),2012,10.2,13.1,11.7
Mauritania,Weight-for-height <-2 SD (wasting),2015,13.3,16.4,14.8
Mauritania,Weight-for-height <-2 SD (wasting),2018,9.7,13.3,11.5
Mauritania,Weight-for-height <-2 SD (wasting),2019,9.8,12.3,11.1
Mauritania,Weight-for-height <-2 SD (wasting),2020,5.8,7,6.4
Mauritania,Weight-for-height <-2 SD (wasting),2021,8.4,11.8,10.1
Mauritania,Weight-for-height <-2 SD (wasting),2022,,,13.6
Mauritania,Weight-for-height <-3 SD (severe wasting),2000,5.7,8.7,7.2
Mauritania,Weight-for-height <-3 SD (severe wasting),2007,3.9,3.8,3.8
Mauritania,Weight-for-height <-3 SD (severe wasting),2008,0.8,1.4,1.1
Mauritania,Weight-for-height <-3 SD (severe wasting),2011,3.3,4.7,4
Mauritania,Weight-for-height <-3 SD (severe wasting),2012,1.3,2.4,1.9
Mauritania,Weight-for-height <-3 SD (severe wasting),2015,3.1,3.8,3.5
Mauritania,Weight-for-height <-3 SD (severe wasting),2018,2,2.6,2.3
Mauritania,Weight-for-height <-3 SD (severe wasting),2019,1.4,2.1,1.8
Mauritania,Weight-for-height <-3 SD (severe wasting),2020,0.8,1.2,1
Mauritania,Weight-for-height <-3 SD (severe wasting),2021,1.4,2.1,1.7
Mauritania,Weight-for-height <-3 SD (severe wasting),2022,,,2.6
Mexico,Weight-for-height <-2 SD (wasting),2002,3,2.1,2.5
Mexico,Weight-for-height <-2 SD (wasting),2006,2.35,4.55,3.45
Mexico,Weight-for-height <-2 SD (wasting),2012,1.4,1.8,1.6
Mexico,Weight-for-height <-2 SD (wasting),2015,0.7,1.4,1
Mexico,Weight-for-height <-2 SD (wasting),2016,1.4,2.6,2
Mexico,Weight-for-height <-2 SD (wasting),2019,1.1,1.8,1.4
Mexico,Weight-for-height <-2 SD (wasting),2020,1.6,1.5,1.6
Mexico,Weight-for-height <-2 SD (wasting),2021,1.7,1.7,1.7
Mexico,Weight-for-height <-3 SD (severe wasting),2002,0.6,0.8,0.7
Mexico,Weight-for-height <-3 SD (severe wasting),2006,0.7,1.25,0.95
Mexico,Weight-for-height <-3 SD (severe wasting),2012,0.4,0.5,0.4
Mexico,Weight-for-height <-3 SD (severe wasting),2015,0.1,0.7,0.4
Mexico,Weight-for-height <-3 SD (severe wasting),2016,0.2,0.4,0.3
Mexico,Weight-for-height <-3 SD (severe wasting),2019,0.1,0.6,0.4
Mexico,Weight-for-height <-3 SD (severe wasting),2020,0.6,0.2,0.4
Mexico,Weight-for-height <-3 SD (severe wasting),2021,0.3,0.6,0.5
Mongolia,Weight-for-height <-2 SD (wasting),2000,6.9,7.3,7.1
Mongolia,Weight-for-height <-2 SD (wasting),2004,,,0.8
Mongolia,Weight-for-height <-2 SD (wasting),2005,2.8,2.6,2.7
Mongolia,Weight-for-height <-2 SD (wasting),2010,1.65,1.7,1.7
Mongolia,Weight-for-height <-2 SD (wasting),2013,0.8,1.2,1
Mongolia,Weight-for-height <-2 SD (wasting),2016,1.4,0.9,1.2
Mongolia,Weight-for-height <-2 SD (wasting),2018,0.8,1,0.9
Mongolia,Weight-for-height <-3 SD (severe wasting),2000,2.9,3.2,3
Mongolia,Weight-for-height <-3 SD (severe wasting),2004,,,0.1
Mongolia,Weight-for-height <-3 SD (severe wasting),2005,1,1.3,1.1
Mongolia,Weight-for-height <-3 SD (severe wasting),2010,0.6,0.65,0.6
Mongolia,Weight-for-height <-3 SD (severe wasting),2013,0.4,0.4,0.4
Mongolia,Weight-for-height <-3 SD (severe wasting),2016,0.5,0.2,0.4
Mongolia,Weight-for-height <-3 SD (severe wasting),2018,0.3,0.3,0.3
Montenegro,Weight-for-height <-2 SD (wasting),2005,4.1,4.3,4.2
Montenegro,Weight-for-height <-2 SD (wasting),2013,2.4,3.1,2.8
Montenegro,Weight-for-height <-2 SD (wasting),2018,1.9,2.4,2.2
Montenegro,Weight-for-height <-3 SD (severe wasting),2005,1.6,2.7,2.2
Montenegro,Weight-for-height <-3 SD (severe wasting),2013,0.6,1.8,1.2
Montenegro,Weight-for-height <-3 SD (severe wasting),2018,0.1,0.8,0.5
Morocco,Weight-for-height <-2 SD (wasting),2003,10.4,11.2,10.8
Morocco,Weight-for-height <-2 SD (wasting),2011,1.8,2.8,2.3
Morocco,Weight-for-height <-2 SD (wasting),2017,2.8,2.4,2.6
Morocco,Weight-for-height <-2 SD (wasting),2019,,,2.3
Morocco,Weight-for-height <-3 SD (severe wasting),2003,4.6,5.4,5
Morocco,Weight-for-height <-3 SD (severe wasting),2011,0.9,1.1,1
Morocco,Weight-for-height <-3 SD (severe wasting),2017,1.3,0.9,1.1
Morocco,Weight-for-height <-3 SD (severe wasting),2019,,,0.4
Mozambique,Weight-for-height <-2 SD (wasting),2001,7.6,8.6,8.1
Mozambique,Weight-for-height <-2 SD (wasting),2003,5.1,5.8,5.4
Mozambique,Weight-for-height <-2 SD (wasting),2008,3.5,4.9,4.2
Mozambique,Weight-for-height <-2 SD (wasting),2011,5.6,6.7,6.1
Mozambique,Weight-for-height <-2 SD (wasting),2015,4.6,4.2,4.4
Mozambique,Weight-for-height <-2 SD (wasting),2020,4.2,3.7,3.9
Mozambique,Weight-for-height <-3 SD (severe wasting),2001,3.2,4,3.6
Mozambique,Weight-for-height <-3 SD (severe wasting),2003,2,2.2,2.1
Mozambique,Weight-for-height <-3 SD (severe wasting),2008,1.3,1.3,1.3
Mozambique,Weight-for-height <-3 SD (severe wasting),2011,1.9,2.8,2.4
Mozambique,Weight-for-height <-3 SD (severe wasting),2015,1.7,1.7,1.7
Mozambique,Weight-for-height <-3 SD (severe wasting),2020,0.8,1.1,1
Myanmar,Weight-for-height <-2 SD (wasting),2000,9.9,11.5,10.7
Myanmar,Weight-for-height <-2 SD (wasting),2003,10.6,12.7,11.7
Myanmar,Weight-for-height <-2 SD (wasting),2009,7.1,8.7,7.9
Myanmar,Weight-for-height <-2 SD (wasting),2016,6.2,7,6.6
Myanmar,Weight-for-height <-2 SD (wasting),2018,,,7.4
Myanmar,Weight-for-height <-3 SD (severe wasting),2000,2.5,3.3,2.9
Myanmar,Weight-for-height <-3 SD (severe wasting),2003,2.9,4.4,3.7
Myanmar,Weight-for-height <-3 SD (severe wasting),2009,1.9,2.4,2.1
Myanmar,Weight-for-height <-3 SD (severe wasting),2016,1.1,1.5,1.3
Myanmar,Weight-for-height <-3 SD (severe wasting),2018,,,0.9
Namibia,Weight-for-height <-2 SD (wasting),2000,9.1,10.9,10
Namibia,Weight-for-height <-2 SD (wasting),2007,7.8,7.3,7.6
Namibia,Weight-for-height <-2 SD (wasting),2013,5.3,9,7.1
Namibia,Weight-for-height <-3 SD (severe wasting),2000,2.1,4,3
Namibia,Weight-for-height <-3 SD (severe wasting),2007,2.3,1.7,2
Namibia,Weight-for-height <-3 SD (severe wasting),2013,1.6,4,2.8
Nauru,Weight-for-height <-2 SD (wasting),2007,0,2.2,1
Nauru,Weight-for-height <-3 SD (severe wasting),2007,0,0.5,0.2
Nepal,Weight-for-height <-2 SD (wasting),2001,10.3,12.4,11.3
Nepal,Weight-for-height <-2 SD (wasting),2006,12.4,13,12.7
Nepal,Weight-for-height <-2 SD (wasting),2011,10,12.3,11.2
Nepal,Weight-for-height <-2 SD (wasting),2014,10.9,11.6,11.3
Nepal,Weight-for-height <-2 SD (wasting),2016,9.9,9.4,10.65
Nepal,Weight-for-height <-2 SD (wasting),2019,10.4,13.5,12
Nepal,Weight-for-height <-2 SD (wasting),2022,6.9,8.5,7.7
Nepal,Weight-for-height <-3 SD (severe wasting),2001,2,3.7,2.8
Nepal,Weight-for-height <-3 SD (severe wasting),2006,2.2,3.1,2.7
Nepal,Weight-for-height <-3 SD (severe wasting),2011,2.2,3.7,2.9
Nepal,Weight-for-height <-3 SD (severe wasting),2014,2.7,3.7,3.2
Nepal,Weight-for-height <-3 SD (severe wasting),2016,1.7,2.1,2.25
Nepal,Weight-for-height <-3 SD (severe wasting),2019,2.5,3.3,2.9
Nepal,Weight-for-height <-3 SD (severe wasting),2022,1,0.8,0.9
Netherlands (Kingdom of the),Weight-for-height <-2 SD (wasting),2009,0.9,1.2,1
Netherlands (Kingdom of the),Weight-for-height <-3 SD (severe wasting),2009,0.1,0.2,0.1
Nicaragua,Weight-for-height <-2 SD (wasting),2001,1.9,2.7,2.3
Nicaragua,Weight-for-height <-2 SD (wasting),2004,,,0.4
Nicaragua,Weight-for-height <-2 SD (wasting),2007,1.4,1.5,1.5
Nicaragua,Weight-for-height <-2 SD (wasting),2012,2.1,2.2,2.2
Nicaragua,Weight-for-height <-3 SD (severe wasting),2001,0.6,1.1,0.9
Nicaragua,Weight-for-height <-3 SD (severe wasting),2004,,,0
Nicaragua,Weight-for-height <-3 SD (severe wasting),2007,0.4,0.6,0.5
Nicaragua,Weight-for-height <-3 SD (severe wasting),2012,0.5,0.9,0.7
Niger,Weight-for-height <-2 SD (wasting),2000,14.4,17.8,16.2
Niger,Weight-for-height <-2 SD (wasting),2006,10.45,13.6,12.05
Niger,Weight-for-height <-2 SD (wasting),2007,11.1,13.9,12.5
Niger,Weight-for-height <-2 SD (wasting),2008,11.9,15.4,13.8
Niger,Weight-for-height <-2 SD (wasting),2009,11.2,13.6,12.5
Niger,Weight-for-height <-2 SD (wasting),2010,13.75,18.25,16
Niger,Weight-for-height <-2 SD (wasting),2011,,,12.4
Niger,Weight-for-height <-2 SD (wasting),2012,14.75,16.9,15.8
Niger,Weight-for-height <-2 SD (wasting),2013,10.8,14.1,12.4
Niger,Weight-for-height <-2 SD (wasting),2014,12.2,16.2,14.2
Niger,Weight-for-height <-2 SD (wasting),2015,11.3,15.7,13.6
Niger,Weight-for-height <-2 SD (wasting),2016,8.2,12.7,10.4
Niger,Weight-for-height <-2 SD (wasting),2018,11.5,16.8,14.1
Niger,Weight-for-height <-2 SD (wasting),2019,9,10.5,9.8
Niger,Weight-for-height <-2 SD (wasting),2020,9.9,14.2,12
Niger,Weight-for-height <-2 SD (wasting),2021,10.6,12.4,11.5
Niger,Weight-for-height <-2 SD (wasting),2022,9.7,12.1,10.9
Niger,Weight-for-height <-3 SD (severe wasting),2000,5.2,7,6.1
Niger,Weight-for-height <-3 SD (severe wasting),2006,3.1,4.3,3.7
Niger,Weight-for-height <-3 SD (severe wasting),2007,2.4,3.5,3
Niger,Weight-for-height <-3 SD (severe wasting),2008,2.1,3.9,3.1
Niger,Weight-for-height <-3 SD (severe wasting),2009,1.9,2.8,2.3
Niger,Weight-for-height <-3 SD (severe wasting),2010,2.5,4.05,3.3
Niger,Weight-for-height <-3 SD (severe wasting),2011,,,2.2
Niger,Weight-for-height <-3 SD (severe wasting),2012,3.95,5.35,4.7
Niger,Weight-for-height <-3 SD (severe wasting),2013,2,3,2.5
Niger,Weight-for-height <-3 SD (severe wasting),2014,1.9,3.4,2.7
Niger,Weight-for-height <-3 SD (severe wasting),2015,3,4,3.5
Niger,Weight-for-height <-3 SD (severe wasting),2016,1.6,2.6,2.1
Niger,Weight-for-height <-3 SD (severe wasting),2018,1.9,4,3
Niger,Weight-for-height <-3 SD (severe wasting),2019,1.9,2.9,2.4
Niger,Weight-for-height <-3 SD (severe wasting),2020,2.1,2.9,2.5
Niger,Weight-for-height <-3 SD (severe wasting),2021,2,2.8,2.3
Niger,Weight-for-height <-3 SD (severe wasting),2022,1.9,2.4,2.1
Nigeria,Weight-for-height <-2 SD (wasting),2003,10.4,12,11.2
Nigeria,Weight-for-height <-2 SD (wasting),2011,9.5,11,10.2
Nigeria,Weight-for-height <-2 SD (wasting),2014,7.1,8.7,7.9
Nigeria,Weight-for-height <-2 SD (wasting),2015,7,7.6,7.3
Nigeria,Weight-for-height <-2 SD (wasting),2016,9.6,11.9,10.8
Nigeria,Weight-for-height <-2 SD (wasting),2018,5.85,7.75,6.8
Nigeria,Weight-for-height <-2 SD (wasting),2020,5.3,7.6,6.5
Nigeria,Weight-for-height <-3 SD (severe wasting),2003,4.2,5.2,4.7
Nigeria,Weight-for-height <-3 SD (severe wasting),2011,2.7,3.6,3.1
Nigeria,Weight-for-height <-3 SD (severe wasting),2014,1.6,2.1,1.8
Nigeria,Weight-for-height <-3 SD (severe wasting),2015,1.5,2,1.8
Nigeria,Weight-for-height <-3 SD (severe wasting),2016,2.5,3.3,2.9
Nigeria,Weight-for-height <-3 SD (severe wasting),2018,1.25,1.9,1.6
Nigeria,Weight-for-height <-3 SD (severe wasting),2020,0.9,1.9,1.4
North Macedonia,Weight-for-height <-2 SD (wasting),2005,4.5,2.4,3.4
North Macedonia,Weight-for-height <-2 SD (wasting),2011,1.4,2.2,1.8
North Macedonia,Weight-for-height <-2 SD (wasting),2019,3.3,3.5,3.4
North Macedonia,Weight-for-height <-3 SD (severe wasting),2005,2,0.7,1.3
North Macedonia,Weight-for-height <-3 SD (severe wasting),2011,0.1,0.3,0.2
North Macedonia,Weight-for-height <-3 SD (severe wasting),2019,0.5,0.5,0.5
Oman,Weight-for-height <-2 SD (wasting),2009,6,8.1,7.1
Oman,Weight-for-height <-2 SD (wasting),2014,6.8,8.2,7.5
Oman,Weight-for-height <-2 SD (wasting),2017,10,8.7,9.3
Oman,Weight-for-height <-3 SD (severe wasting),2009,0.7,0.9,0.8
Oman,Weight-for-height <-3 SD (severe wasting),2014,2.2,2.5,2.4
Oman,Weight-for-height <-3 SD (severe wasting),2017,4.2,2,3.1
Pakistan,Weight-for-height <-2 SD (wasting),2001,13.1,14.9,14.1
Pakistan,Weight-for-height <-2 SD (wasting),2011,14.1,15.7,14.9
Pakistan,Weight-for-height <-2 SD (wasting),2013,9.8,11.1,10.5
Pakistan,Weight-for-height <-2 SD (wasting),2018,6.6,7.6,7.1
Pakistan,Weight-for-height <-3 SD (severe wasting),2001,5.4,6.2,5.8
Pakistan,Weight-for-height <-3 SD (severe wasting),2011,5.4,6.3,5.8
Pakistan,Weight-for-height <-3 SD (severe wasting),2013,2.9,3.8,3.3
Pakistan,Weight-for-height <-3 SD (severe wasting),2018,2.1,2.7,2.4
Panama,Weight-for-height <-2 SD (wasting),2003,1.8,1.5,1.6
Panama,Weight-for-height <-2 SD (wasting),2008,1.4,1.1,1.2
Panama,Weight-for-height <-2 SD (wasting),2019,0.9,1.2,1.1
Panama,Weight-for-height <-3 SD (severe wasting),2003,0.5,0.4,0.4
Panama,Weight-for-height <-3 SD (severe wasting),2008,0.4,0.3,0.3
Panama,Weight-for-height <-3 SD (severe wasting),2019,0.4,0.2,0.3
Papua New Guinea,Weight-for-height <-2 SD (wasting),2005,,,4.3
Papua New Guinea,Weight-for-height <-2 SD (wasting),2010,13.7,14.4,14.1
Papua New Guinea,Weight-for-height <-3 SD (severe wasting),2005,,,0.8
Papua New Guinea,Weight-for-height <-3 SD (severe wasting),2010,7,5.9,6.4
Paraguay,Weight-for-height <-2 SD (wasting),2005,0.5,1.6,1.1
Paraguay,Weight-for-height <-2 SD (wasting),2012,2.9,2.3,2.6
Paraguay,Weight-for-height <-2 SD (wasting),2016,0.9,1,1
Paraguay,Weight-for-height <-3 SD (severe wasting),2005,0.1,0.5,0.3
Paraguay,Weight-for-height <-3 SD (severe wasting),2012,0.2,0.6,0.4
Paraguay,Weight-for-height <-3 SD (severe wasting),2016,0.2,0.5,0.4
Peru,Weight-for-height <-2 SD (wasting),2000,1.1,1.2,1.1
Peru,Weight-for-height <-2 SD (wasting),2005,1,1.1,1
Peru,Weight-for-height <-2 SD (wasting),2007,0.7,0.9,0.8
Peru,Weight-for-height <-2 SD (wasting),2009,0.5,0.7,0.6
Peru,Weight-for-height <-2 SD (wasting),2010,0.5,0.9,0.95
Peru,Weight-for-height <-2 SD (wasting),2011,0.2,0.5,0.4
Peru,Weight-for-height <-2 SD (wasting),2012,0.5,0.8,1.25
Peru,Weight-for-height <-2 SD (wasting),2013,0.3,0.6,0.4
Peru,Weight-for-height <-2 SD (wasting),2014,0.5,0.7,0.6
Peru,Weight-for-height <-2 SD (wasting),2015,0.4,0.8,0.6
Peru,Weight-for-height <-2 SD (wasting),2016,0.5,0.7,0.6
Peru,Weight-for-height <-2 SD (wasting),2017,0.4,0.6,0.5
Peru,Weight-for-height <-2 SD (wasting),2018,0.4,0.5,0.5
Peru,Weight-for-height <-2 SD (wasting),2019,0.4,0.5,0.4
Peru,Weight-for-height <-2 SD (wasting),2020,0.4,0.4,0.4
Peru,Weight-for-height <-2 SD (wasting),2021,0.4,0.4,0.4
Peru,Weight-for-height <-3 SD (severe wasting),2000,0.5,0.3,0.4
Peru,Weight-for-height <-3 SD (severe wasting),2005,0.1,0.1,0.1
Peru,Weight-for-height <-3 SD (severe wasting),2007,0.1,0.2,0.2
Peru,Weight-for-height <-3 SD (severe wasting),2009,0.1,0.3,0.2
Peru,Weight-for-height <-3 SD (severe wasting),2010,0.1,0.2,0.2
Peru,Weight-for-height <-3 SD (severe wasting),2011,0,0.1,0.1
Peru,Weight-for-height <-3 SD (severe wasting),2012,0.1,0.1,0.1
Peru,Weight-for-height <-3 SD (severe wasting),2013,0.1,0.3,0.2
Peru,Weight-for-height <-3 SD (severe wasting),2014,0.1,0.1,0.1
Peru,Weight-for-height <-3 SD (severe wasting),2015,0.1,0.1,0.1
Peru,Weight-for-height <-3 SD (severe wasting),2016,0.1,0.1,0.1
Peru,Weight-for-height <-3 SD (severe wasting),2017,0,0.1,0.1
Peru,Weight-for-height <-3 SD (severe wasting),2018,0.1,0.1,0.1
Peru,Weight-for-height <-3 SD (severe wasting),2019,0.1,0.1,0.1
Peru,Weight-for-height <-3 SD (severe wasting),2020,0,0.1,0.1
Peru,Weight-for-height <-3 SD (severe wasting),2021,0.1,0.1,0.1
Philippines,Weight-for-height <-2 SD (wasting),2003,5.5,6.5,6
Philippines,Weight-for-height <-2 SD (wasting),2008,6.3,7,6.6
Philippines,Weight-for-height <-2 SD (wasting),2011,6.8,7.2,7
Philippines,Weight-for-height <-2 SD (wasting),2013,7.3,7.8,7.6
Philippines,Weight-for-height <-2 SD (wasting),2015,6.1,7.5,6.8
Philippines,Weight-for-height <-3 SD (severe wasting),2003,1.6,1.6,1.6
Philippines,Weight-for-height <-3 SD (severe wasting),2008,1.5,1.8,1.7
Philippines,Weight-for-height <-3 SD (severe wasting),2011,1.9,2.1,2
Philippines,Weight-for-height <-3 SD (severe wasting),2013,2.1,2.6,2.4
Philippines,Weight-for-height <-3 SD (severe wasting),2015,1.5,1.7,1.6
Poland,Weight-for-height <-2 SD (wasting),2011,,,0.9
Poland,Weight-for-height <-3 SD (severe wasting),2011,,,0
Portugal,Weight-for-height <-2 SD (wasting),2016,,,1.1
Portugal,Weight-for-height <-3 SD (severe wasting),2016,,,0.1
Republic of Korea,Weight-for-height <-2 SD (wasting),2003,1,0.9,0.9
Republic of Korea,Weight-for-height <-2 SD (wasting),2008,,,0.6
Republic of Korea,Weight-for-height <-2 SD (wasting),2011,,,0.5
Republic of Korea,Weight-for-height <-2 SD (wasting),2014,,,0.6
Republic of Korea,Weight-for-height <-2 SD (wasting),2017,,,0.9
Republic of Korea,Weight-for-height <-2 SD (wasting),2020,,,0.2
Republic of Korea,Weight-for-height <-3 SD (severe wasting),2003,0.3,0.1,0.2
Republic of Korea,Weight-for-height <-3 SD (severe wasting),2008,,,0.1
Republic of Korea,Weight-for-height <-3 SD (severe wasting),2011,,,0.1
Republic of Korea,Weight-for-height <-3 SD (severe wasting),2014,,,0
Republic of Korea,Weight-for-height <-3 SD (severe wasting),2017,,,0
Republic of Korea,Weight-for-height <-3 SD (severe wasting),2020,,,0
Republic of Moldova,Weight-for-height <-2 SD (wasting),2005,5.7,6,5.8
Republic of Moldova,Weight-for-height <-2 SD (wasting),2012,1.8,2.1,1.9
Republic of Moldova,Weight-for-height <-3 SD (severe wasting),2005,1.9,2.8,2.4
Republic of Moldova,Weight-for-height <-3 SD (severe wasting),2012,0.4,0.5,0.5
Romania,Weight-for-height <-2 SD (wasting),2000,3.9,4.7,4.3
Romania,Weight-for-height <-2 SD (wasting),2001,3.7,4.1,3.9
Romania,Weight-for-height <-2 SD (wasting),2002,3.4,3.6,3.5
Romania,Weight-for-height <-3 SD (severe wasting),2000,1,1.3,1.1
Romania,Weight-for-height <-3 SD (severe wasting),2001,0.7,1.2,1
Romania,Weight-for-height <-3 SD (severe wasting),2002,0.8,0.6,0.7
Russian Federation,Weight-for-height <-2 SD (wasting),2000,6,3.7,4.9
Russian Federation,Weight-for-height <-2 SD (wasting),2001,4.9,3.5,4.2
Russian Federation,Weight-for-height <-2 SD (wasting),2002,6.4,2.3,4.4
Russian Federation,Weight-for-height <-2 SD (wasting),2003,1.7,4.3,2.9
Russian Federation,Weight-for-height <-2 SD (wasting),2004,2.2,2.7,2.5
Russian Federation,Weight-for-height <-2 SD (wasting),2005,4,2.7,3.3
Russian Federation,Weight-for-height <-3 SD (severe wasting),2000,1.2,2.4,1.7
Russian Federation,Weight-for-height <-3 SD (severe wasting),2001,2.2,1.2,1.7
Russian Federation,Weight-for-height <-3 SD (severe wasting),2002,3.4,1.2,2.3
Russian Federation,Weight-for-height <-3 SD (severe wasting),2003,0.6,1.9,1.2
Russian Federation,Weight-for-height <-3 SD (severe wasting),2004,0.5,0.5,0.5
Russian Federation,Weight-for-height <-3 SD (severe wasting),2005,2,0.6,1.3
Rwanda,Weight-for-height <-2 SD (wasting),2000,8.1,9.3,8.7
Rwanda,Weight-for-height <-2 SD (wasting),2005,4.8,5,4.9
Rwanda,Weight-for-height <-2 SD (wasting),2009,,,5.1
Rwanda,Weight-for-height <-2 SD (wasting),2010,2.4,3.4,2.9
Rwanda,Weight-for-height <-2 SD (wasting),2012,,,2.6
Rwanda,Weight-for-height <-2 SD (wasting),2015,2.1,2.5,2.2
Rwanda,Weight-for-height <-2 SD (wasting),2018,,,2.1
Rwanda,Weight-for-height <-2 SD (wasting),2020,1.4,0.9,1.1
Rwanda,Weight-for-height <-3 SD (severe wasting),2000,3.4,4.2,3.8
Rwanda,Weight-for-height <-3 SD (severe wasting),2005,1.6,1.7,1.7
Rwanda,Weight-for-height <-3 SD (severe wasting),2009,,,2.2
Rwanda,Weight-for-height <-3 SD (severe wasting),2010,0.7,1.1,0.9
Rwanda,Weight-for-height <-3 SD (severe wasting),2012,,,0.6
Rwanda,Weight-for-height <-3 SD (severe wasting),2015,0.3,1.1,0.6
Rwanda,Weight-for-height <-3 SD (severe wasting),2018,,,0.4
Rwanda,Weight-for-height <-3 SD (severe wasting),2020,0.3,0,0.2
Saint Lucia,Weight-for-height <-2 SD (wasting),2012,3.4,4.1,3.7
Saint Lucia,Weight-for-height <-3 SD (severe wasting),2012,0.3,1,0.7
Samoa,Weight-for-height <-2 SD (wasting),2014,4.9,3,3.9
Samoa,Weight-for-height <-2 SD (wasting),2019,3.2,2.9,3.1
Samoa,Weight-for-height <-3 SD (severe wasting),2014,1.4,1.3,1.3
Samoa,Weight-for-height <-3 SD (severe wasting),2019,0.9,1.4,1.2
Sao Tome and Principe,Weight-for-height <-2 SD (wasting),2014,3.3,4.7,4
Sao Tome and Principe,Weight-for-height <-2 SD (wasting),2019,2.3,5.9,4.1
Sao Tome and Principe,Weight-for-height <-3 SD (severe wasting),2014,0.8,0.7,0.8
Sao Tome and Principe,Weight-for-height <-3 SD (severe wasting),2019,1,1.7,1.4
Saudi Arabia,Weight-for-height <-2 SD (wasting),2004,10.8,12.7,11.8
Saudi Arabia,Weight-for-height <-2 SD (wasting),2015,,,5.5
Saudi Arabia,Weight-for-height <-2 SD (wasting),2016,,,4.6
Saudi Arabia,Weight-for-height <-2 SD (wasting),2017,,,5.1
Saudi Arabia,Weight-for-height <-2 SD (wasting),2018,,,4.3
Saudi Arabia,Weight-for-height <-2 SD (wasting),2019,,,4.9
Saudi Arabia,Weight-for-height <-2 SD (wasting),2020,,,4.4
Saudi Arabia,Weight-for-height <-3 SD (severe wasting),2004,3.9,5.1,4.5
Saudi Arabia,Weight-for-height <-3 SD (severe wasting),2015,,,1.4
Saudi Arabia,Weight-for-height <-3 SD (severe wasting),2016,,,1
Saudi Arabia,Weight-for-height <-3 SD (severe wasting),2017,,,1.8
Saudi Arabia,Weight-for-height <-3 SD (severe wasting),2018,,,1.1
Saudi Arabia,Weight-for-height <-3 SD (severe wasting),2019,,,1
Saudi Arabia,Weight-for-height <-3 SD (severe wasting),2020,,,1.3
Senegal,Weight-for-height <-2 SD (wasting),2000,8.6,11.4,10
Senegal,Weight-for-height <-2 SD (wasting),2005,8.5,8.8,8.7
Senegal,Weight-for-height <-2 SD (wasting),2011,9.7,9.8,9.8
Senegal,Weight-for-height <-2 SD (wasting),2012,7.5,9.9,8.7
Senegal,Weight-for-height <-2 SD (wasting),2013,8.05,9.85,9
Senegal,Weight-for-height <-2 SD (wasting),2014,5.9,8,6.95
Senegal,Weight-for-height <-2 SD (wasting),2015,8.05,8.6,8.35
Senegal,Weight-for-height <-2 SD (wasting),2016,6.4,7.8,7.1
Senegal,Weight-for-height <-2 SD (wasting),2017,8.2,9.8,9
Senegal,Weight-for-height <-2 SD (wasting),2018,7.5,8.1,7.8
Senegal,Weight-for-height <-2 SD (wasting),2019,7,9.25,8.1
Senegal,Weight-for-height <-3 SD (severe wasting),2000,2.3,3.5,2.9
Senegal,Weight-for-height <-3 SD (severe wasting),2005,2.4,2.1,2.3
Senegal,Weight-for-height <-3 SD (severe wasting),2011,2.5,2.2,2.3
Senegal,Weight-for-height <-3 SD (severe wasting),2012,0.8,1.5,1.2
Senegal,Weight-for-height <-3 SD (severe wasting),2013,1.6,1.8,1.65
Senegal,Weight-for-height <-3 SD (severe wasting),2014,0.85,1.2,1
Senegal,Weight-for-height <-3 SD (severe wasting),2015,1.15,1.45,1.35
Senegal,Weight-for-height <-3 SD (severe wasting),2016,0.9,1.6,1.2
Senegal,Weight-for-height <-3 SD (severe wasting),2017,1.4,1.6,1.5
Senegal,Weight-for-height <-3 SD (severe wasting),2018,1,1.4,1.2
Senegal,Weight-for-height <-3 SD (severe wasting),2019,1.55,1.8,1.7
Serbia,Weight-for-height <-2 SD (wasting),2005,4.2,4.8,4.5
Serbia,Weight-for-height <-2 SD (wasting),2010,4.2,2.7,3.5
Serbia,Weight-for-height <-2 SD (wasting),2014,3.6,4.2,3.9
Serbia,Weight-for-height <-2 SD (wasting),2019,1.9,3.2,2.6
Serbia,Weight-for-height <-3 SD (severe wasting),2005,1.7,1.9,1.8
Serbia,Weight-for-height <-3 SD (severe wasting),2010,0.8,0.7,0.8
Serbia,Weight-for-height <-3 SD (severe wasting),2014,1.2,1,1.1
Serbia,Weight-for-height <-3 SD (severe wasting),2019,0.4,0.7,0.5
Seychelles,Weight-for-height <-2 SD (wasting),2012,4.4,4.2,4.3
Seychelles,Weight-for-height <-3 SD (severe wasting),2012,1.1,1.3,1.2
Sierra Leone,Weight-for-height <-2 SD (wasting),2000,10.5,12.7,11.6
Sierra Leone,Weight-for-height <-2 SD (wasting),2005,8.6,11.7,10.2
Sierra Leone,Weight-for-height <-2 SD (wasting),2010,6.7,8.3,7.5
Sierra Leone,Weight-for-height <-2 SD (wasting),2014,3.7,5.5,4.6
Sierra Leone,Weight-for-height <-2 SD (wasting),2017,5.6,8,5.9
Sierra Leone,Weight-for-height <-2 SD (wasting),2019,5.2,5.5,5.4
Sierra Leone,Weight-for-height <-2 SD (wasting),2021,5.7,7,6.3
Sierra Leone,Weight-for-height <-3 SD (severe wasting),2000,3.1,4.7,3.9
Sierra Leone,Weight-for-height <-3 SD (severe wasting),2005,4,4.5,4.2
Sierra Leone,Weight-for-height <-3 SD (severe wasting),2010,1.4,1.9,1.6
Sierra Leone,Weight-for-height <-3 SD (severe wasting),2014,0.9,1.1,1
Sierra Leone,Weight-for-height <-3 SD (severe wasting),2017,1.8,2.7,1.65
Sierra Leone,Weight-for-height <-3 SD (severe wasting),2019,0.9,1.2,1.1
Sierra Leone,Weight-for-height <-3 SD (severe wasting),2021,2.4,2.3,2.4
Singapore,Weight-for-height <-2 SD (wasting),2000,3.3,3.9,3.6
Singapore,Weight-for-height <-3 SD (severe wasting),2000,0.5,0.5,0.5
Solomon Islands,Weight-for-height <-2 SD (wasting),2007,5.7,3,4.3
Solomon Islands,Weight-for-height <-2 SD (wasting),2015,8.5,8.4,8.5
Solomon Islands,Weight-for-height <-3 SD (severe wasting),2007,2.2,0.6,1.4
Solomon Islands,Weight-for-height <-3 SD (severe wasting),2015,3.5,3.7,3.6
Somalia,Weight-for-height <-2 SD (wasting),2006,12,14.4,13.3
Somalia,Weight-for-height <-2 SD (wasting),2009,12.6,15.9,14.3
Somalia,Weight-for-height <-3 SD (severe wasting),2006,4,4.7,4.4
Somalia,Weight-for-height <-3 SD (severe wasting),2009,4,4.6,4.3
South Africa,Weight-for-height <-2 SD (wasting),2008,,,5.1
South Africa,Weight-for-height <-2 SD (wasting),2015,,,4.6
South Africa,Weight-for-height <-2 SD (wasting),2016,2.8,2.1,2.5
South Africa,Weight-for-height <-2 SD (wasting),2017,,,3.8
South Africa,Weight-for-height <-3 SD (severe wasting),2008,,,2.5
South Africa,Weight-for-height <-3 SD (severe wasting),2015,,,2.4
South Africa,Weight-for-height <-3 SD (severe wasting),2016,0.4,0.7,0.6
South Africa,Weight-for-height <-3 SD (severe wasting),2017,,,1.9
South Sudan,Weight-for-height <-2 SD (wasting),2006,22.9,26.2,24.6
South Sudan,Weight-for-height <-2 SD (wasting),2010,19.7,25.7,22.7
South Sudan,Weight-for-height <-3 SD (severe wasting),2006,12.4,13.4,12.9
South Sudan,Weight-for-height <-3 SD (severe wasting),2010,8.1,11.7,9.9
Sri Lanka,Weight-for-height <-2 SD (wasting),2000,15.1,16.6,15.9
Sri Lanka,Weight-for-height <-2 SD (wasting),2007,13.7,16.5,15.2
Sri Lanka,Weight-for-height <-2 SD (wasting),2009,11.5,12.1,11.8
Sri Lanka,Weight-for-height <-2 SD (wasting),2012,20.5,22.1,21.3
Sri Lanka,Weight-for-height <-2 SD (wasting),2016,14.8,15.3,15.1
Sri Lanka,Weight-for-height <-3 SD (severe wasting),2000,2,2.3,2.2
Sri Lanka,Weight-for-height <-3 SD (severe wasting),2007,2.8,3.3,3.1
Sri Lanka,Weight-for-height <-3 SD (severe wasting),2009,2,1.9,1.9
Sri Lanka,Weight-for-height <-3 SD (severe wasting),2012,2.6,3.5,3
Sri Lanka,Weight-for-height <-3 SD (severe wasting),2016,2.8,3.3,3.1
State of Palestine,Weight-for-height <-2 SD (wasting),2000,1.8,2.2,2
State of Palestine,Weight-for-height <-2 SD (wasting),2002,,,2.4
State of Palestine,Weight-for-height <-2 SD (wasting),2004,3,3.5,3.2
State of Palestine,Weight-for-height <-2 SD (wasting),2006,1.8,1.7,1.8
State of Palestine,Weight-for-height <-2 SD (wasting),2010,3.2,3.5,3.3
State of Palestine,Weight-for-height <-2 SD (wasting),2014,1.2,1.2,1.2
State of Palestine,Weight-for-height <-2 SD (wasting),2020,1.3,1.3,1.3
State of Palestine,Weight-for-height <-3 SD (severe wasting),2000,0.7,0.7,0.7
State of Palestine,Weight-for-height <-3 SD (severe wasting),2002,,,0.7
State of Palestine,Weight-for-height <-3 SD (severe wasting),2004,1.3,1.5,1.4
State of Palestine,Weight-for-height <-3 SD (severe wasting),2006,0.7,0.7,0.7
State of Palestine,Weight-for-height <-3 SD (severe wasting),2010,1.1,1,1
State of Palestine,Weight-for-height <-3 SD (severe wasting),2014,0.3,0.3,0.3
State of Palestine,Weight-for-height <-3 SD (severe wasting),2020,0.6,0.7,0.6
Sudan,Weight-for-height <-2 SD (wasting),2006,13.9,15,14.5
Sudan,Weight-for-height <-2 SD (wasting),2010,14,16.7,15.4
Sudan,Weight-for-height <-2 SD (wasting),2014,15.7,16.9,16.3
Sudan,Weight-for-height <-3 SD (severe wasting),2006,5.5,5.9,5.7
Sudan,Weight-for-height <-3 SD (severe wasting),2010,3.6,4.5,4.1
Sudan,Weight-for-height <-3 SD (severe wasting),2014,3.8,5.1,4.5
Suriname,Weight-for-height <-2 SD (wasting),2000,6.2,7.6,7
Suriname,Weight-for-height <-2 SD (wasting),2006,4.7,5.2,4.9
Suriname,Weight-for-height <-2 SD (wasting),2010,4.2,5.7,5
Suriname,Weight-for-height <-2 SD (wasting),2018,4.8,6.2,5.5
Suriname,Weight-for-height <-3 SD (severe wasting),2000,2.3,1.7,2
Suriname,Weight-for-height <-3 SD (severe wasting),2006,1.1,0.9,1
Suriname,Weight-for-height <-3 SD (severe wasting),2010,0.8,0.9,0.8
Suriname,Weight-for-height <-3 SD (severe wasting),2018,0.6,1.5,1
Syrian Arab Republic,Weight-for-height <-2 SD (wasting),2000,,,4.9
Syrian Arab Republic,Weight-for-height <-2 SD (wasting),2001,9.9,10.5,10.2
Syrian Arab Republic,Weight-for-height <-2 SD (wasting),2006,9.1,11.4,10.3
Syrian Arab Republic,Weight-for-height <-2 SD (wasting),2010,10.5,12.5,11.5
Syrian Arab Republic,Weight-for-height <-3 SD (severe wasting),2001,5.1,5.6,5.3
Syrian Arab Republic,Weight-for-height <-3 SD (severe wasting),2006,4.3,5.3,4.8
Syrian Arab Republic,Weight-for-height <-3 SD (severe wasting),2010,5,5.9,5.5
Tajikistan,Weight-for-height <-2 SD (wasting),2000,,,9.4
Tajikistan,Weight-for-height <-2 SD (wasting),2001,,,19.4
Tajikistan,Weight-for-height <-2 SD (wasting),2002,,,6.1
Tajikistan,Weight-for-height <-2 SD (wasting),2003,,,5.9
Tajikistan,Weight-for-height <-2 SD (wasting),2005,8.3,9,8.7
Tajikistan,Weight-for-height <-2 SD (wasting),2007,6.7,7,6.9
Tajikistan,Weight-for-height <-2 SD (wasting),2009,,,4.2
Tajikistan,Weight-for-height <-2 SD (wasting),2012,9.9,9.9,9.9
Tajikistan,Weight-for-height <-2 SD (wasting),2016,3.5,3.5,3.5
Tajikistan,Weight-for-height <-2 SD (wasting),2017,5,6.1,5.6
Tajikistan,Weight-for-height <-3 SD (severe wasting),2005,3,4,3.5
Tajikistan,Weight-for-height <-3 SD (severe wasting),2007,2.7,3.2,3
Tajikistan,Weight-for-height <-3 SD (severe wasting),2009,,,1.3
Tajikistan,Weight-for-height <-3 SD (severe wasting),2012,3.9,4.3,4.1
Tajikistan,Weight-for-height <-3 SD (severe wasting),2016,1,1.4,1.2
Tajikistan,Weight-for-height <-3 SD (severe wasting),2017,1.5,2.1,1.8
Thailand,Weight-for-height <-2 SD (wasting),2006,4.8,4.6,4.7
Thailand,Weight-for-height <-2 SD (wasting),2012,6.1,7.4,6.7
Thailand,Weight-for-height <-2 SD (wasting),2016,5.2,5.5,5.4
Thailand,Weight-for-height <-2 SD (wasting),2019,7.2,8.2,7.7
Thailand,Weight-for-height <-3 SD (severe wasting),2006,1.2,1.5,1.4
Thailand,Weight-for-height <-3 SD (severe wasting),2012,1.7,2.8,2.2
Thailand,Weight-for-height <-3 SD (severe wasting),2016,1.6,1.3,1.4
Thailand,Weight-for-height <-3 SD (severe wasting),2019,2.6,2.8,2.7
Timor-Leste,Weight-for-height <-2 SD (wasting),2002,11.4,15.9,13.7
Timor-Leste,Weight-for-height <-2 SD (wasting),2003,,,14.3
Timor-Leste,Weight-for-height <-2 SD (wasting),2007,16.3,26.4,21.3
Timor-Leste,Weight-for-height <-2 SD (wasting),2009,17.3,20.4,18.9
Timor-Leste,Weight-for-height <-2 SD (wasting),2013,7.7,12,9.9
Timor-Leste,Weight-for-height <-2 SD (wasting),2014,19.6,29.2,24.5
Timor-Leste,Weight-for-height <-2 SD (wasting),2020,6.6,9.9,8.3
Timor-Leste,Weight-for-height <-3 SD (severe wasting),2002,4.2,5.5,4.9
Timor-Leste,Weight-for-height <-3 SD (severe wasting),2007,4.5,4.4,4.5
Timor-Leste,Weight-for-height <-3 SD (severe wasting),2009,6.9,8.3,7.6
Timor-Leste,Weight-for-height <-3 SD (severe wasting),2013,1.6,2.7,2.1
Timor-Leste,Weight-for-height <-3 SD (severe wasting),2014,7.3,7.6,7.5
Timor-Leste,Weight-for-height <-3 SD (severe wasting),2020,1.1,1.8,1.5
Togo,Weight-for-height <-2 SD (wasting),2008,5.9,6.1,6
Togo,Weight-for-height <-2 SD (wasting),2009,5.1,7.1,6.1
Togo,Weight-for-height <-2 SD (wasting),2010,4,5.5,4.75
Togo,Weight-for-height <-2 SD (wasting),2012,4.8,6.3,5.5
Togo,Weight-for-height <-2 SD (wasting),2014,5.6,7.6,6.6
Togo,Weight-for-height <-2 SD (wasting),2017,5.3,6.2,5.7
Togo,Weight-for-height <-3 SD (severe wasting),2008,0.9,0.6,0.7
Togo,Weight-for-height <-3 SD (severe wasting),2009,0.8,1.2,1
Togo,Weight-for-height <-3 SD (severe wasting),2010,0.6,1.25,0.9
Togo,Weight-for-height <-3 SD (severe wasting),2012,0.8,0.6,0.7
Togo,Weight-for-height <-3 SD (severe wasting),2014,1.4,1.6,1.5
Togo,Weight-for-height <-3 SD (severe wasting),2017,0.9,1.3,1.1
Tonga,Weight-for-height <-2 SD (wasting),2012,5.1,5.4,5.2
Tonga,Weight-for-height <-2 SD (wasting),2019,1,1.2,1.1
Tonga,Weight-for-height <-3 SD (severe wasting),2012,2.3,1.9,2.1
Tonga,Weight-for-height <-3 SD (severe wasting),2019,0,0.7,0.4
Trinidad and Tobago,Weight-for-height <-2 SD (wasting),2000,4.6,5.8,5.2
Trinidad and Tobago,Weight-for-height <-2 SD (wasting),2011,7.1,5.7,6.4
Trinidad and Tobago,Weight-for-height <-3 SD (severe wasting),2000,1.1,0.8,0.9
Trinidad and Tobago,Weight-for-height <-3 SD (severe wasting),2011,2.2,2,2.1
Tunisia,Weight-for-height <-2 SD (wasting),2000,,,2.9
Tunisia,Weight-for-height <-2 SD (wasting),2006,3.3,3.6,3.4
Tunisia,Weight-for-height <-2 SD (wasting),2012,1.8,3.6,2.8
Tunisia,Weight-for-height <-2 SD (wasting),2018,2.1,2.1,2.1
Tunisia,Weight-for-height <-3 SD (severe wasting),2006,1,1.4,1.2
Tunisia,Weight-for-height <-3 SD (severe wasting),2012,1.2,2.1,1.7
Tunisia,Weight-for-height <-3 SD (severe wasting),2018,1,0.9,0.9
Trkiye,Weight-for-height <-2 SD (wasting),2004,0.6,1.5,1.1
Trkiye,Weight-for-height <-2 SD (wasting),2008,0.4,1.4,1
Trkiye,Weight-for-height <-2 SD (wasting),2013,2.2,1.6,1.9
Trkiye,Weight-for-height <-2 SD (wasting),2018,1.6,1.7,1.7
Trkiye,Weight-for-height <-3 SD (severe wasting),2004,0.1,0.7,0.4
Trkiye,Weight-for-height <-3 SD (severe wasting),2008,0.1,0.6,0.3
Trkiye,Weight-for-height <-3 SD (severe wasting),2013,0.5,0.5,0.5
Trkiye,Weight-for-height <-3 SD (severe wasting),2018,0.9,0.5,0.6
Turkmenistan,Weight-for-height <-2 SD (wasting),2000,6.9,9.2,8
Turkmenistan,Weight-for-height <-2 SD (wasting),2006,7.2,7.2,7.2
Turkmenistan,Weight-for-height <-2 SD (wasting),2015,3.9,4.4,4.2
Turkmenistan,Weight-for-height <-2 SD (wasting),2019,3.5,4.7,4.1
Turkmenistan,Weight-for-height <-3 SD (severe wasting),2000,2.2,4,3.1
Turkmenistan,Weight-for-height <-3 SD (severe wasting),2006,2,2.3,2.1
Turkmenistan,Weight-for-height <-3 SD (severe wasting),2015,1,1.3,1.1
Turkmenistan,Weight-for-height <-3 SD (severe wasting),2019,0.8,1.3,1.1
Turks and Caicos Islands,Weight-for-height <-2 SD (wasting),2020,0,2.6,1.2
Turks and Caicos Islands,Weight-for-height <-3 SD (severe wasting),2020,0,0.1,0.1
Tuvalu,Weight-for-height <-2 SD (wasting),2007,2.2,4.4,3.3
Tuvalu,Weight-for-height <-2 SD (wasting),2019,2.2,3.2,2.8
Tuvalu,Weight-for-height <-3 SD (severe wasting),2007,1.3,0.6,0.9
Tuvalu,Weight-for-height <-3 SD (severe wasting),2019,0.9,1.6,1.3
Uganda,Weight-for-height <-2 SD (wasting),2000,3.7,6.2,5
Uganda,Weight-for-height <-2 SD (wasting),2006,4.9,7.5,6.2
Uganda,Weight-for-height <-2 SD (wasting),2009,3.4,5.5,4.4
Uganda,Weight-for-height <-2 SD (wasting),2011,4.6,4.7,4.25
Uganda,Weight-for-height <-2 SD (wasting),2012,3.7,4.8,4.2
Uganda,Weight-for-height <-2 SD (wasting),2014,3.5,4.2,3.8
Uganda,Weight-for-height <-2 SD (wasting),2015,,,5.7
Uganda,Weight-for-height <-2 SD (wasting),2016,2.9,4.1,3.5
Uganda,Weight-for-height <-2 SD (wasting),2018,3.6,1.8,2.8
Uganda,Weight-for-height <-2 SD (wasting),2020,4.4,2.6,3.6
Uganda,Weight-for-height <-3 SD (severe wasting),2000,1.5,1.6,1.5
Uganda,Weight-for-height <-3 SD (severe wasting),2006,1.9,2.4,2.2
Uganda,Weight-for-height <-3 SD (severe wasting),2009,1.1,1.7,1.4
Uganda,Weight-for-height <-3 SD (severe wasting),2011,1.9,1,1.6
Uganda,Weight-for-height <-3 SD (severe wasting),2012,0.3,0.4,0.3
Uganda,Weight-for-height <-3 SD (severe wasting),2014,1,0.9,0.9
Uganda,Weight-for-height <-3 SD (severe wasting),2015,,,1.8
Uganda,Weight-for-height <-3 SD (severe wasting),2016,1,1.6,1.3
Uganda,Weight-for-height <-3 SD (severe wasting),2018,0.9,0.5,0.7
Uganda,Weight-for-height <-3 SD (severe wasting),2020,1.1,0.9,1
Ukraine,Weight-for-height <-2 SD (wasting),2000,7.9,8.5,8.2
Ukraine,Weight-for-height <-3 SD (severe wasting),2000,3.6,3.9,3.8
United Kingdom,Weight-for-height <-2 SD (wasting),2010,,,0
United Kingdom,Weight-for-height <-2 SD (wasting),2013,,,0.1
United Kingdom,Weight-for-height <-2 SD (wasting),2015,,,0.3
United Kingdom,Weight-for-height <-2 SD (wasting),2017,,,0.3
United Kingdom,Weight-for-height <-3 SD (severe wasting),2010,,,0
United Kingdom,Weight-for-height <-3 SD (severe wasting),2013,,,0
United Kingdom,Weight-for-height <-3 SD (severe wasting),2015,,,0
United Kingdom,Weight-for-height <-3 SD (severe wasting),2017,,,0.3
United Republic of Tanzania,Weight-for-height <-2 SD (wasting),2004,3,4,3.5
United Republic of Tanzania,Weight-for-height <-2 SD (wasting),2009,3,2.8,2.9
United Republic of Tanzania,Weight-for-height <-2 SD (wasting),2010,4,5.8,4.9
United Republic of Tanzania,Weight-for-height <-2 SD (wasting),2011,6.6,5.9,6.2
United Republic of Tanzania,Weight-for-height <-2 SD (wasting),2013,4.9,4,4.4
United Republic of Tanzania,Weight-for-height <-2 SD (wasting),2014,3,4.7,3.8
United Republic of Tanzania,Weight-for-height <-2 SD (wasting),2015,3.8,5.2,4.5
United Republic of Tanzania,Weight-for-height <-2 SD (wasting),2018,3,4,3.5
United Republic of Tanzania,Weight-for-height <-2 SD (wasting),2019,,,1.7
United Republic of Tanzania,Weight-for-height <-2 SD (wasting),2022,2.4,4.2,3.3
United Republic of Tanzania,Weight-for-height <-3 SD (severe wasting),2004,0.6,1.4,1
United Republic of Tanzania,Weight-for-height <-3 SD (severe wasting),2009,0.9,0.7,0.8
United Republic of Tanzania,Weight-for-height <-3 SD (severe wasting),2010,0.8,1.8,1.3
United Republic of Tanzania,Weight-for-height <-3 SD (severe wasting),2011,1.4,2,1.7
United Republic of Tanzania,Weight-for-height <-3 SD (severe wasting),2013,1.4,1.6,1.5
United Republic of Tanzania,Weight-for-height <-3 SD (severe wasting),2014,0.7,1.2,0.9
United Republic of Tanzania,Weight-for-height <-3 SD (severe wasting),2015,1.2,1.2,1.2
United Republic of Tanzania,Weight-for-height <-3 SD (severe wasting),2018,0.3,0.4,0.4
United Republic of Tanzania,Weight-for-height <-3 SD (severe wasting),2019,,,0.9
United Republic of Tanzania,Weight-for-height <-3 SD (severe wasting),2022,0.7,1.1,0.9
United States,Weight-for-height <-2 SD (wasting),2000,0.1,0.9,0.5
United States,Weight-for-height <-2 SD (wasting),2002,0.1,0.5,0.3
United States,Weight-for-height <-2 SD (wasting),2004,0.9,0.6,0.7
United States,Weight-for-height <-2 SD (wasting),2006,1.1,0.6,0.9
United States,Weight-for-height <-2 SD (wasting),2008,0.4,0.8,0.6
United States,Weight-for-height <-2 SD (wasting),2010,0,0.2,0.1
United States,Weight-for-height <-2 SD (wasting),2012,0.5,0.2,0.3
United States,Weight-for-height <-2 SD (wasting),2014,0,0.6,0.3
United States,Weight-for-height <-2 SD (wasting),2016,0.1,0.7,0.4
United States,Weight-for-height <-2 SD (wasting),2018,0,0.2,0.1
United States,Weight-for-height <-3 SD (severe wasting),2000,0.1,0.2,0.1
United States,Weight-for-height <-3 SD (severe wasting),2002,0,0.1,0
United States,Weight-for-height <-3 SD (severe wasting),2004,0,0.1,0
United States,Weight-for-height <-3 SD (severe wasting),2006,0.3,0.1,0.2
United States,Weight-for-height <-3 SD (severe wasting),2008,0.1,0.1,0.1
United States,Weight-for-height <-3 SD (severe wasting),2010,0,0,0
United States,Weight-for-height <-3 SD (severe wasting),2012,0,0,0
United States,Weight-for-height <-3 SD (severe wasting),2014,0,0,0
United States,Weight-for-height <-3 SD (severe wasting),2016,0.1,0,0.1
United States,Weight-for-height <-3 SD (severe wasting),2018,0,0,0
Uruguay,Weight-for-height <-2 SD (wasting),2002,2.2,2.6,2.4
Uruguay,Weight-for-height <-2 SD (wasting),2003,,,1.8
Uruguay,Weight-for-height <-2 SD (wasting),2004,2.9,3,3
Uruguay,Weight-for-height <-2 SD (wasting),2007,,,1.4
Uruguay,Weight-for-height <-2 SD (wasting),2011,,,0.6
Uruguay,Weight-for-height <-2 SD (wasting),2013,,,1.1
Uruguay,Weight-for-height <-2 SD (wasting),2016,,,0.9
Uruguay,Weight-for-height <-2 SD (wasting),2018,1.1,1.7,1.4
Uruguay,Weight-for-height <-3 SD (severe wasting),2002,0.3,0.6,0.5
Uruguay,Weight-for-height <-3 SD (severe wasting),2003,,,0.4
Uruguay,Weight-for-height <-3 SD (severe wasting),2004,0.7,0.7,0.7
Uruguay,Weight-for-height <-3 SD (severe wasting),2007,,,0.4
Uruguay,Weight-for-height <-3 SD (severe wasting),2011,,,0
Uruguay,Weight-for-height <-3 SD (severe wasting),2013,,,0.3
Uruguay,Weight-for-height <-3 SD (severe wasting),2016,,,0.2
Uruguay,Weight-for-height <-3 SD (severe wasting),2018,0.2,0.3,0.2
Uzbekistan,Weight-for-height <-2 SD (wasting),2002,9.2,8.8,9
Uzbekistan,Weight-for-height <-2 SD (wasting),2006,3.6,5.2,4.4
Uzbekistan,Weight-for-height <-2 SD (wasting),2017,1.6,2,1.8
Uzbekistan,Weight-for-height <-2 SD (wasting),2021,1.9,2.9,2.4
Uzbekistan,Weight-for-height <-3 SD (severe wasting),2002,4,3.7,3.9
Uzbekistan,Weight-for-height <-3 SD (severe wasting),2006,1.2,2,1.6
Uzbekistan,Weight-for-height <-3 SD (severe wasting),2017,0.4,0.2,0.3
Uzbekistan,Weight-for-height <-3 SD (severe wasting),2021,0.8,1.3,1.1
Vanuatu,Weight-for-height <-2 SD (wasting),2008,5.5,6.2,5.9
Vanuatu,Weight-for-height <-2 SD (wasting),2013,4,5.5,4.7
Vanuatu,Weight-for-height <-3 SD (severe wasting),2008,2,1.9,1.9
Vanuatu,Weight-for-height <-3 SD (severe wasting),2013,1.1,1.9,1.5
Venezuela (Bolivarian Republic of),Weight-for-height <-2 SD (wasting),2000,,,3.9
Venezuela (Bolivarian Republic of),Weight-for-height <-2 SD (wasting),2001,,,4.4
Venezuela (Bolivarian Republic of),Weight-for-height <-2 SD (wasting),2002,,,4.8
Venezuela (Bolivarian Republic of),Weight-for-height <-2 SD (wasting),2003,,,5.2
Venezuela (Bolivarian Republic of),Weight-for-height <-2 SD (wasting),2004,,,5.2
Venezuela (Bolivarian Republic of),Weight-for-height <-2 SD (wasting),2005,,,4.8
Venezuela (Bolivarian Republic of),Weight-for-height <-2 SD (wasting),2006,,,4.8
Venezuela (Bolivarian Republic of),Weight-for-height <-2 SD (wasting),2007,,,5
Venezuela (Bolivarian Republic of),Weight-for-height <-2 SD (wasting),2008,,,4.5
Venezuela (Bolivarian Republic of),Weight-for-height <-2 SD (wasting),2009,,,4.1
Viet Nam,Weight-for-height <-2 SD (wasting),2000,7.2,9.4,8.4
Viet Nam,Weight-for-height <-2 SD (wasting),2002,8.2,9.4,8.8
Viet Nam,Weight-for-height <-2 SD (wasting),2003,10.1,11.4,10.8
Viet Nam,Weight-for-height <-2 SD (wasting),2004,10.5,11.8,11.2
Viet Nam,Weight-for-height <-2 SD (wasting),2005,9.9,11.2,10.6
Viet Nam,Weight-for-height <-2 SD (wasting),2006,9.2,10.4,9.8
Viet Nam,Weight-for-height <-2 SD (wasting),2007,9.3,10.7,10
Viet Nam,Weight-for-height <-2 SD (wasting),2008,8.9,9.9,9.4
Viet Nam,Weight-for-height <-2 SD (wasting),2009,7.3,6.9,7.1
Viet Nam,Weight-for-height <-2 SD (wasting),2010,3.9,4.3,4.1
Viet Nam,Weight-for-height <-2 SD (wasting),2011,,,6.6
Viet Nam,Weight-for-height <-2 SD (wasting),2012,,,6.7
Viet Nam,Weight-for-height <-2 SD (wasting),2013,,,6.6
Viet Nam,Weight-for-height <-2 SD (wasting),2014,,,6.8
Viet Nam,Weight-for-height <-2 SD (wasting),2015,,,6.4
Viet Nam,Weight-for-height <-2 SD (wasting),2017,,,5.8
Viet Nam,Weight-for-height <-2 SD (wasting),2018,,,5.4
Viet Nam,Weight-for-height <-2 SD (wasting),2019,,,5.2
Viet Nam,Weight-for-height <-2 SD (wasting),2020,,,4.7
Viet Nam,Weight-for-height <-3 SD (severe wasting),2000,1.55,2.1,1.85
Viet Nam,Weight-for-height <-3 SD (severe wasting),2002,2.1,2.6,2.4
Viet Nam,Weight-for-height <-3 SD (severe wasting),2003,2.4,3.1,2.7
Viet Nam,Weight-for-height <-3 SD (severe wasting),2004,2.5,3.1,2.8
Viet Nam,Weight-for-height <-3 SD (severe wasting),2005,2.5,3,2.8
Viet Nam,Weight-for-height <-3 SD (severe wasting),2006,2.2,2.7,2.4
Viet Nam,Weight-for-height <-3 SD (severe wasting),2007,2.2,2.6,2.4
Viet Nam,Weight-for-height <-3 SD (severe wasting),2008,2.3,2.5,2.4
Viet Nam,Weight-for-height <-3 SD (severe wasting),2009,3.6,4,3.8
Viet Nam,Weight-for-height <-3 SD (severe wasting),2010,1.2,1.2,1.2
Viet Nam,Weight-for-height <-3 SD (severe wasting),2013,,,1.3
Viet Nam,Weight-for-height <-3 SD (severe wasting),2014,,,4.8
Viet Nam,Weight-for-height <-3 SD (severe wasting),2015,,,1.4
Viet Nam,Weight-for-height <-3 SD (severe wasting),2017,,,1.2
Viet Nam,Weight-for-height <-3 SD (severe wasting),2018,,,1.1
Viet Nam,Weight-for-height <-3 SD (severe wasting),2019,,,1
Viet Nam,Weight-for-height <-3 SD (severe wasting),2020,,,1
Yemen,Weight-for-height <-2 SD (wasting),2003,13.7,16.8,15.3
Yemen,Weight-for-height <-2 SD (wasting),2005,12,15.5,13.8
Yemen,Weight-for-height <-2 SD (wasting),2011,11.7,14.8,13.3
Yemen,Weight-for-height <-2 SD (wasting),2013,14.8,17.9,16.4
Yemen,Weight-for-height <-3 SD (severe wasting),2003,5.5,7.2,6.4
Yemen,Weight-for-height <-3 SD (severe wasting),2005,3.7,5.1,4.4
Yemen,Weight-for-height <-3 SD (severe wasting),2011,2.3,4.4,3.4
Yemen,Weight-for-height <-3 SD (severe wasting),2013,4.8,5.9,5.4
Zambia,Weight-for-height <-2 SD (wasting),2002,5.8,6.6,6.2
Zambia,Weight-for-height <-2 SD (wasting),2007,5.1,6,5.6
Zambia,Weight-for-height <-2 SD (wasting),2013,6,6.5,6.2
Zambia,Weight-for-height <-2 SD (wasting),2018,3.7,4.8,4.2
Zambia,Weight-for-height <-3 SD (severe wasting),2002,2,2.6,2.3
Zambia,Weight-for-height <-3 SD (severe wasting),2007,2.4,2.3,2.3
Zambia,Weight-for-height <-3 SD (severe wasting),2013,2.2,2.8,2.5
Zambia,Weight-for-height <-3 SD (severe wasting),2018,1.4,1.6,1.5
Zimbabwe,Weight-for-height <-2 SD (wasting),2005,6.9,7.5,7.2
Zimbabwe,Weight-for-height <-2 SD (wasting),2009,1.9,2.9,2.4
Zimbabwe,Weight-for-height <-2 SD (wasting),2010,2.6,3.7,3.2
Zimbabwe,Weight-for-height <-2 SD (wasting),2014,2.8,3.7,3.2
Zimbabwe,Weight-for-height <-2 SD (wasting),2015,3.3,3.3,3.3
Zimbabwe,Weight-for-height <-2 SD (wasting),2019,2.8,3,2.9
Zimbabwe,Weight-for-height <-3 SD (severe wasting),2005,2.8,2.9,2.9
Zimbabwe,Weight-for-height <-3 SD (severe wasting),2009,0.6,0.4,0.5
Zimbabwe,Weight-for-height <-3 SD (severe wasting),2010,0.7,1,0.8
Zimbabwe,Weight-for-height <-3 SD (severe wasting),2014,0.6,0.9,0.7
Zimbabwe,Weight-for-height <-3 SD (severe wasting),2015,0.9,1.3,1.1
Zimbabwe,Weight-for-height <-3 SD (severe wasting),2019,0.3,0.4,0.3
